year,player,conference,athlete_id,position,passing_completions,passing_att,passing_pct,passing_yds,passing_td,passing_int,passing_ypa,rushing_car,rushing_yds,rushing_td,rushing_ypc,rushing_long,dual_threat,team,total_wins,qb_type,off_explosiveness,off_success_rate,off_pts_per_opp,passing_qbr,predicted_qbr,fpi,recruiting_points,avg_temp,avg_humidity,avg_wind,avg_pressure,pct_indoors
2006,Riley Skinner,ACC,169077,QB,171,260,0.658,2051,9,5,7.9,52,-71,0,-1.4,12,Not Dual Threat,Wake Forest,11,Other,0.9535162463856792,0.4074567243675099,-0.09210526315789472,56.07142857142857,50.7292170631291,6.5,122.34,61.981818181818184,60.09090909090909,6.390909090909091,1018.3454545454546,0
2006,Colt McCoy,Big 12,175772,QB,217,318,0.682,2570,29,7,8.1,68,170,2,2.5,33,Not Dual Threat,Texas,10,Other,0.8440777065736517,0.4551724137931034,-0.5157894736842106,64.68333333333334,67.50155081937552,21.6,281.78,76.18888888888888,49.77777777777778,6.711111111111111,1015.3888888888889,0
2006,Thaddeus Lewis,ACC,191344,QB,180,340,0.529,2134,11,16,6.3,99,-74,1,-0.7,13,Not Dual Threat,Duke,0,Other,0.9284791947697476,0.351270553064275,0,24,26.393163353940775,-13.7,152.48,66.94166666666666,45,7.116666666666667,1017.9181818181818,0
2007,Riley Skinner,ACC,169077,QB,236,326,0.724,2204,12,13,6.8,61,32,1,0.5,19,Not Dual Threat,Wake Forest,9,Other,0.8470546473924617,0.3987878787878788,-0.25,52.73571428571429,47.9384791791645,6.5,133.78,67.925,43.083333333333336,9.6,1018.0166666666667,0
2007,Chris Turner,ACC,169181,QB,153,241,0.635,1958,7,7,8.1,44,-26,0,-0.6,41,Not Dual Threat,Maryland,6,Other,0.8854808763679403,0.3972939729397294,0,50.909090909090914,48.48200323540205,5.2,196.41,67.3,47.27272727272727,6.818181818181818,1020.9727272727273,0
2007,Blake Szymanski,Big 12,173619,QB,264,461,0.573,2844,22,18,6.2,61,99,1,1.6,39,Not Dual Threat,Baylor,3,Other,0.9151119056152957,0.3764705882352941,0,35.45333333333333,40.38790717201406,-12.1,128.62,78.25833333333334,52.25,11.15,1016.425,0
2007,Zac Robinson,Big 12,174054,QB,201,333,0.604,2824,23,9,8.5,141,843,9,6,57,Dual Threat,Oklahoma State,7,Pure Runner,0.9224592694516974,0.4767080745341615,0,66.325,68.3501305080387,11.2,208.78,75.22727272727272,59.54545454545455,9.027272727272727,1014.7,0
2007,Colt McCoy,Big 12,175772,QB,276,424,0.651,3303,22,18,7.8,114,492,4,4.3,44,Not Dual Threat,Texas,10,Dual Threat,0.9343117459328448,0.452894438138479,-0.13333333333333333,62.06,59.21799051401278,16,293.1,77.49,45.8,7.67,1016.91,0
2007,Tim Tebow,SEC,183484,QB,234,350,0.669,3286,32,6,9.4,210,895,23,4.3,25,Dual Threat,Florida,9,Dual Threat,0.8961988754308239,0.518628912071535,-0.06862745098039216,80.74166666666666,84.76963748164599,20.5,313.05,72.44444444444444,52.888888888888886,8.311111111111112,1018.1777777777778,0
2007,Todd Reesing,Big 12,184336,QB,275,445,0.618,3486,33,7,7.8,92,197,3,2.1,53,Not Dual Threat,Kansas,12,Pocket Passer,0.9017951808694056,0.45657894736842103,0,65.61333333333333,64.2251368850703,18.9,163.81,70.73,50.7,10.23,1017.45,0
2007,Adam Weber,Big Ten,188157,QB,258,449,0.575,2895,24,19,6.4,146,617,5,4.2,29,Dual Threat,Minnesota,1,Pure Runner,1.0637549258379984,0.39800995024875624,-0.09090909090909093,49.15833333333333,47.07896839601553,-6.2,165.41,64.68,60.8,10.84,1019.76,0
2007,Cody Hawkins,Big 12,188466,QB,263,463,0.568,3015,22,17,6.5,41,-19,3,-0.5,12,Not Dual Threat,Colorado,6,Other,1.0012981275719568,0.3838028169014085,0,55.626666666666665,47.50535242951901,3.3,207.66,70.3,41.42857142857143,9.385714285714286,1013.5,0
2007,Sam Bradford,Big 12,188934,QB,238,342,0.696,3124,36,8,9.1,31,7,0,0.2,11,Not Dual Threat,Oklahoma,11,Other,0.8973699514533583,0.4539641943734015,-0.12727272727272726,72.16470588235293,75.10405079492502,24.1,220.6,69.52727272727273,60.63636363636363,6.818181818181818,1015.0666666666667,0.09090909090909091
2007,Thaddeus Lewis,ACC,191344,QB,199,360,0.553,2430,21,10,6.8,96,-148,2,-1.5,12,Not Dual Threat,Duke,1,Other,0.9801353450335184,0.328,-0.15217391304347827,31,36.26303157208349,-9.5,126.41,64.54545454545455,53.36363636363637,6.009090909090909,1020.0818181818182,0
2008,Riley Skinner,ACC,169077,QB,232,363,0.639,2347,13,7,6.5,104,144,1,1.4,21,Not Dual Threat,Wake Forest,8,Other,0.8704016531060431,0.3761574074074074,-0.08139534883720931,45.095,45.8310603384461,5.6,150.75,69.75,51.166666666666664,7.191666666666666,1014.5416666666667,0
2008,Chris Turner,ACC,169181,QB,214,374,0.572,2516,13,11,6.7,43,-154,1,-3.6,13,Not Dual Threat,Maryland,8,Other,1.0136776597169448,0.3823146944083225,0,41.80625,41.675204837503074,2.8,186.96,64.56666666666666,60.5,4.041666666666666,1016.1636363636363,0
2008,Zac Robinson,Big 12,174054,QB,204,314,0.65,3064,25,10,9.8,146,562,8,3.8,31,Dual Threat,Oklahoma State,9,Pure Runner,0.9177418692521158,0.4807692307692308,-0.13333333333333333,77.25555555555556,69.85890306285715,14.9,204.03,70.64545454545454,45.81818181818182,7.3545454545454545,1016.3,0
2008,Colt McCoy,Big 12,175772,QB,332,433,0.767,3859,34,8,8.9,136,561,11,4.1,35,Dual Threat,Texas,12,Dual Threat,0.93897118391341,0.515818431911967,-0.13725490196078433,82.70555555555555,82.46160667644914,26.4,271.6,76,36.81818181818182,7.072727272727272,1016.69,0
2008,Jevan Snead,SEC,183449,QB,184,327,0.563,2762,26,13,8.4,57,60,3,1.1,17,Not Dual Threat,Ole Miss,9,Other,0.9102303574009906,0.42762284196547146,-0.14893617021276595,65.4,58.38078212140803,13.9,204.46,71.55454545454546,53.90909090909091,7.754545454545455,1014.875,0
2008,Tim Tebow,SEC,183484,QB,192,298,0.644,2746,30,4,9.2,176,673,12,3.8,26,Dual Threat,Florida,13,Pure Runner,0.9057935172961632,0.4688473520249221,-0.12389380530973453,76.09444444444445,77.19409382794132,33.4,286.27,68.48333333333333,66.83333333333333,7.008333333333334,1015.7666666666667,0
2008,Todd Reesing,Big 12,184336,QB,321,481,0.667,3829,32,12,8,124,218,4,1.8,18,Not Dual Threat,Kansas,8,Pocket Passer,0.9163406610302952,0.4553686934023286,-0.08045977011494253,60.86875,61.953713512677325,11.2,184.11,67.8,57.1,7.9799999999999995,1019.8000000000001,0
2008,Daryll Clark,Big Ten,185917,QB,192,321,0.598,2592,19,6,8.1,79,282,10,3.6,24,Dual Threat,Penn State,11,Other,0.9088854741377356,0.4956395348837209,-0.0660377358490566,67.27333333333333,72.0090937364335,25.5,189.29,57.125,72,6.133333333333333,1016.32,0.08333333333333333
2008,Adam Weber,Big Ten,188157,QB,255,410,0.622,2761,15,8,6.7,127,233,4,1.8,39,Not Dual Threat,Minnesota,7,Other,0.9167658862490606,0.4097938144329897,-0.0945945945945946,45.64,47.40164086966641,-0.7,214,59.82,61.2,6.26,1016.66,0
2008,Ricky Stanzi,Big Ten,188298,QB,150,254,0.591,1956,14,9,7.7,56,20,0,0.4,20,Not Dual Threat,Iowa,9,Other,0.7969167574771086,0.4511173184357542,-0.07446808510638298,45.63125,53.769345855396466,15.2,169.8,60.13636363636363,69.27272727272727,6.927272727272728,1020.3818181818182,0
2008,Cody Hawkins,Big 12,188466,QB,183,320,0.572,1892,17,10,5.9,57,-23,3,-0.4,19,Not Dual Threat,Colorado,5,Other,1.016525546126558,0.35958005249343833,-0.109375,36.78333333333333,39.36028672802951,-1.1,236.08,63.6,43.375,8.5375,1019.1,0
2008,Mike Hartline,SEC,188612,QB,172,311,0.553,1666,9,8,5.4,24,-9,0,-0.4,9,Not Dual Threat,Kentucky,7,Other,0.7889235314152513,0.37823834196891193,-0.1794871794871795,34.75833333333333,38.511884380398556,1.6,153.99,67.75833333333334,56.083333333333336,7.858333333333333,1015.2818181818182,0
2008,Sam Bradford,Big 12,188934,QB,328,483,0.679,4720,50,8,9.8,42,47,5,1.1,15,Dual Threat,Oklahoma,12,Pocket Passer,0.9243316397795872,0.4922879177377892,-0.1068702290076336,89.3,86.57835288070441,29.7,284.83,69.91666666666667,43.416666666666664,8.158333333333333,1016.8454545454546,0
2008,Austen Arnaud,Big 12,188980,QB,247,401,0.616,2792,15,10,7,109,401,5,3.7,26,Not Dual Threat,Iowa State,2,Pure Runner,0.9257252442393002,0.41360544217687073,0,47.361111111111114,51.46860566591559,-5.4,155.21,64.15,53.083333333333336,9.416666666666666,1015.3909090909091,0
2008,Juice Williams,Big Ten,189249,QB,219,381,0.575,3173,22,16,8.3,175,719,5,4.1,50,Dual Threat,Illinois,5,Dual Threat,0.9313611467333872,0.4521276595744681,-0.17073170731707318,53.825,53.85802013713078,6.1,220.63,58.9,63,8.55,1019.8333333333334,0
2008,Thaddeus Lewis,ACC,191344,QB,224,361,0.62,2171,15,6,6,69,96,2,1.4,22,Not Dual Threat,Duke,4,Other,0.8158776930911977,0.3939808481532148,-0.19718309859154928,48.74,47.835737990940686,-0.3,145.79,67.3,50.75,7.383333333333333,1014.5636363636364,0
2008,Jerrod Johnson,Big 12,191668,QB,194,326,0.595,2435,21,10,7.5,94,114,3,1.2,19,Not Dual Threat,Texas A&M,4,Other,1.0112654483957353,0.3773006134969325,0,44.522222222222226,46.87353406719381,-4,228.03,76.91666666666667,44.083333333333336,9.55,1016.35,0
2008,Steven Threet,Big Ten,232227,QB,102,200,0.51,1105,9,7,5.5,76,201,2,2.6,58,Not Dual Threat,Michigan,3,Other,0.9604355528561644,0.324,-0.1111111111111111,30.308333333333337,33.02073689548154,-0.5,261.55,59.53636363636364,55.81818181818182,8.781818181818181,1018.33,0
2008,Jarrett Lee,SEC,232417,QB,143,269,0.532,1873,14,16,7,11,-97,0,-8.8,4,Not Dual Threat,LSU,9,Other,0.8449590780932248,0.4468371467025572,-0.23595505617977527,36.10714285714286,40.97305852341401,11.7,259.67,65.2,72.5,3.4,1018.2,0
2008,Robert Marve,ACC,236058,QB,116,213,0.545,1293,9,13,6.1,59,119,2,2,43,Not Dual Threat,Miami,7,Other,0.9561507267011488,0.3412698412698413,-0.2153846153846154,53.733333333333334,36.47845202852843,7.1,302.6,74.075,63.333333333333336,8.175,1016.175,0
2008,Russell Wilson,ACC,238093,QB,150,275,0.545,1955,17,1,7.1,116,388,4,3.3,29,Not Dual Threat,NC State,6,Pure Runner,0.9984635072965534,0.3722438391699092,0,56.72,53.084231929590445,1.4,218.2,70.58333333333333,56.666666666666664,7.008333333333334,1014.4333333333333,0
2008,Robert Griffin III,Big 12,378497,QB,160,267,0.599,2091,15,3,7.8,173,843,13,4.9,63,Not Dual Threat,Baylor,4,Pure Runner,1.0657558238364229,0.3932038834951456,0,51.96111111111111,59.89057605983975,1.9,157.42,74.49090909090908,41.72727272727273,9.427272727272728,1017.6636363636363,0
2009,Riley Skinner,ACC,169077,QB,264,400,0.66,3160,26,12,7.9,70,56,2,0.8,20,Not Dual Threat,Wake Forest,5,Other,0.9380068286158724,0.44046094750320103,-0.0958904109589041,58.865,59.07521827560723,5.3,167.36,67.925,56.666666666666664,7.108333333333333,1016.2416666666667,0
2009,Chris Turner,ACC,169181,QB,180,303,0.594,2069,10,10,6.8,84,22,2,0.3,15,Not Dual Threat,Maryland,2,Other,0.962131577223692,0.37753721244925575,0,39.98125,39.56375921632725,-4.2,211.59,64.75,65.83333333333333,8.166666666666666,1016.0666666666666,0
2009,Mike Kafka,Big Ten,169280,QB,319,492,0.648,3430,16,12,7,150,299,8,2,18,Not Dual Threat,Northwestern,8,Pocket Passer,0.9083157707823676,0.42342342342342343,-0.2258064516129032,62.06,53.12026129238934,0.4,169.62,55.958333333333336,62.833333333333336,7.991666666666666,1017.3166666666667,0.08333333333333333
2009,Joe Cox,SEC,171814,QB,185,331,0.559,2584,24,15,7.8,31,-28,0,-0.9,17,Not Dual Threat,Georgia,8,Other,1.0030236248292603,0.392757660167131,0,53.675,50.98477046540759,11.2,283.72,64.23636363636363,68.27272727272727,5.027272727272727,1017.68,0
2009,Joey Elliott,Big Ten,173694,QB,267,433,0.617,3026,22,13,7,87,268,4,3.1,58,Not Dual Threat,Purdue,5,Other,0.965973363998784,0.39923954372623577,-0.08433734939759036,56.38421052631579,53.98551288857949,1.4,160.65,58.608333333333334,57.333333333333336,8.733333333333333,1014.6166666666667,0
2009,Zac Robinson,Big 12,174054,QB,180,301,0.598,2084,15,12,6.9,111,305,4,2.7,22,Not Dual Threat,Oklahoma State,9,Other,0.8495685932719483,0.41475826972010177,-0.2441860465116279,51.06842105263158,47.56165011163061,10.6,209.57,67.30833333333334,56.416666666666664,7.7749999999999995,1015.8272727272728,0
2009,Jonathan Crompton,SEC,175658,QB,224,384,0.583,2800,27,13,7.3,44,-52,1,-1.2,13,Not Dual Threat,Tennessee,7,Other,0.9440390208115322,0.4221938775510204,0,54.305263157894736,52.77007065417337,11.8,264.62,65.15833333333333,60,5.883333333333334,1016.1363636363636,0
2009,Colt McCoy,Big 12,175772,QB,332,470,0.706,3521,27,12,7.5,129,348,3,2.7,65,Not Dual Threat,Texas,13,Pocket Passer,0.8983516121364221,0.4319526627218935,-0.06086956521739131,65.68181818181819,61.03282207863011,27.4,277.12,68.53999999999999,61.2,4.7299999999999995,1016.5,0
2009,Jevan Snead,SEC,183449,QB,191,351,0.544,2632,20,20,7.5,52,101,3,1.9,24,Not Dual Threat,Ole Miss,9,Other,0.904879020316374,0.42278481012658226,-0.15053763440860216,42.48,49.80835849657548,14,240.24,65.97,58.1,5.09,1015.7333333333333,0
2009,Tim Tebow,SEC,183484,QB,213,314,0.678,2895,21,5,9.2,217,910,14,4.2,55,Dual Threat,Florida,13,Pure Runner,0.9190483678077148,0.4805555555555556,-0.058333333333333334,57.68636363636364,71.97431329394075,28.2,270.42,69.02727272727273,55.63636363636364,6.845454545454546,1016.08,0
2009,Todd Reesing,Big 12,184336,QB,313,496,0.631,3616,22,10,7.3,104,119,6,1.1,22,Dual Threat,Kansas,5,Pocket Passer,0.9253176099908756,0.4522613065326634,-0.16470588235294115,53.075,54.1918058921215,6.7,195.98,65.3,51.36363636363636,7.327272727272727,1015.72,0
2009,Taylor Potts,Big 12,185054,QB,309,470,0.657,3440,22,13,7.3,24,-166,2,-6.9,4,Not Dual Threat,Texas Tech,9,Pocket Passer,0.9758131196099408,0.44,-0.06666666666666667,54.65,54.94469786363092,14.4,206.43,68.65,52.1,9.450000000000001,1013.13,0
2009,Daryll Clark,Big Ten,185917,QB,232,381,0.609,3003,24,10,7.9,84,211,7,2.5,51,Dual Threat,Penn State,11,Other,0.8533725738870913,0.46286472148541113,-0.08045977011494253,64.7,62.69593551103447,17,233.47,53.63333333333333,73,6.658333333333333,1013.1666666666666,0
2009,Scott Tolzien,Big Ten,188112,QB,211,328,0.643,2705,16,11,8.2,54,8,2,0.1,47,Not Dual Threat,Wisconsin,10,Other,0.8743452800613947,0.47496947496947495,-0.3645833333333333,57.78947368421053,56.41166056185683,9.7,199.62,59.858333333333334,60.916666666666664,6.641666666666667,1017.3166666666667,0
2009,Adam Weber,Big Ten,188157,QB,191,367,0.52,2582,13,15,7,73,-133,1,-1.8,10,Not Dual Threat,Minnesota,6,Other,0.9610160900777626,0.358974358974359,-0.4,30.042105263157893,36.8567901154129,2.8,209.2,53.733333333333334,70.5,9.625,1016.0909090909091,0.08333333333333333
2009,Ricky Stanzi,Big Ten,188298,QB,171,304,0.563,2417,17,15,8,55,-31,0,-0.6,13,Not Dual Threat,Iowa,11,Other,0.8967141534921137,0.3818849449204406,-0.07954545454545454,42.06470588235294,49.4761545808723,12.2,165.44,56.00833333333333,66.58333333333333,8.2,1017.7,0
2009,Cody Hawkins,Big 12,188466,QB,121,239,0.506,1277,10,11,5.3,15,-93,1,-6.2,12,Not Dual Threat,Colorado,3,Other,0.989556732352671,0.3546734955185659,0,31.72222222222222,28.857304454690194,-1.6,188.77,59.4375,55.625,6.3625,1015.52,0
2009,Ben Chappell,Big Ten,188708,QB,268,428,0.626,2941,17,15,6.9,41,-9,3,-0.2,22,Not Dual Threat,Indiana,4,Other,0.8531575710350308,0.41711229946524064,-0.18421052631578944,52.075,50.53499837521056,-4.7,163.75,59.44166666666666,59.166666666666664,6.808333333333334,1016.5272727272727,0
2009,Austen Arnaud,Big 12,188980,QB,178,303,0.587,2015,14,13,6.7,147,561,8,3.8,22,Not Dual Threat,Iowa State,7,Pure Runner,0.8719743750986717,0.4294187425860024,0,51.99375,47.295792043865404,-0.6,159.69,60.44,59.3,7.4,1019.31,0
2009,Juice Williams,Big Ten,189249,QB,131,227,0.577,1632,12,7,7.2,143,507,4,3.5,49,Not Dual Threat,Illinois,3,Pure Runner,0.8742303959655283,0.42513368983957217,0,35.858823529411765,47.61371594626865,0.4,214.15,52.59090909090909,58.90909090909091,9.00909090909091,1016.28,0
2009,Thaddeus Lewis,ACC,191344,QB,274,449,0.61,3330,20,8,7.4,86,48,4,0.6,21,Not Dual Threat,Duke,5,Pocket Passer,0.9949825210912052,0.37952559300873906,-0.4268292682926829,45.415,52.368619131465316,-1.7,181.94,70.78333333333333,60.333333333333336,8.25,1015.2666666666667,0
2009,Greg McElroy,SEC,191494,QB,198,325,0.609,2508,17,4,7.7,54,83,1,1.5,16,Not Dual Threat,Alabama,14,Other,0.8337642519724604,0.4342581423401689,-0.125,60.13636363636363,60.66208915054645,24,288.63,64.1,63.916666666666664,5.708333333333334,1017.02,0
2009,Jerrod Johnson,Big 12,191668,QB,296,497,0.596,3579,30,8,7.2,145,506,8,3.5,43,Dual Threat,Texas A&M,6,Dual Threat,0.9303353923556146,0.45271867612293143,-0.06930693069306931,62.53,59.78769980575667,4.8,219.98,66.76,55.5,7.15,1016.8100000000001,0
2009,Ryan Mallett,SEC,232007,QB,225,403,0.558,3624,30,7,9,58,-29,2,-0.5,19,Not Dual Threat,Arkansas,8,Pocket Passer,1.0185993798245545,0.3952513966480447,-0.14736842105263157,60.49047619047619,61.489760305422344,14.5,232.93,62.06,70.5,6.45,1016.6111111111111,0
2009,Zac Lee,Big 12,232216,QB,177,302,0.586,2143,14,10,7.1,103,171,1,1.7,32,Not Dual Threat,Nebraska,10,Other,0.8982259807091261,0.3761118170266836,-0.3977272727272727,34.03,44.25610209306317,16.1,201.57,61.75,70.5,8.925,1014.5,0
2009,Larry Smith,SEC,236079,QB,106,227,0.467,1126,4,7,5,85,213,2,2.5,35,Not Dual Threat,Vanderbilt,2,Other,0.9311346662211114,0.34502923976608185,0,31.014285714285716,26.84708303682162,-1.2,169.67,65.67272727272727,61.27272727272727,7.045454545454545,1016.5545454545455,0
2009,Tyrod Taylor,ACC,236838,QB,136,243,0.56,2311,13,5,9.5,106,370,5,3.5,46,Not Dual Threat,Virginia Tech,10,Other,1.029895915727799,0.4096045197740113,-0.13861386138613865,67.81428571428572,66.17224293944233,20.8,224.32,62.2,68,4.6090909090909085,1015.2,0
2009,Russell Wilson,ACC,238093,QB,224,378,0.593,3027,31,11,8,103,260,4,2.5,25,Not Dual Threat,NC State,5,Other,1.0137183318319534,0.4025974025974026,-0.1728395061728395,63.266666666666666,59.14694953906032,1.1,192.15,68.40833333333333,55.833333333333336,6.65,1016.3818181818182,0
2009,Stephen Garcia,SEC,243503,QB,239,432,0.553,2862,17,10,6.6,120,186,4,1.6,21,Not Dual Threat,South Carolina,7,Other,0.9734047729371408,0.3847058823529412,0,40.15238095238095,44.27020190944695,7.5,257.08,71.80833333333334,55.25,5.941666666666666,1015.6916666666666,0
2009,Jacory Harris,ACC,377700,QB,242,406,0.596,3352,24,17,8.3,48,-219,1,-4.6,26,Not Dual Threat,Miami,9,Pocket Passer,0.9771082973852344,0.4401496259351621,-0.3608247422680412,48.11,50.32440324131549,13.8,242.24,76.54545454545455,61.54545454545455,9.145454545454545,1014.6272727272727,0
2009,Landry Jones,Big 12,377845,QB,261,449,0.581,3198,26,14,7.1,35,-113,0,-3.2,15,Not Dual Threat,Oklahoma,8,Pocket Passer,0.8945306347598022,0.3879003558718861,-0.19811320754716985,37.733333333333334,52.24512826240772,22.7,262.78,66.32222222222222,55.22222222222222,10.1,1014.2555555555556,0
2009,Kyle Parker,ACC,377866,QB,205,369,0.556,2526,20,12,6.8,61,135,1,2.2,19,Not Dual Threat,Clemson,9,Other,0.9495849262862668,0.3849938499384994,-0.19811320754716985,55.06666666666667,52.098589218454954,13.2,207.86,67.14615384615385,65.15384615384616,4.884615384615385,1016.8,0
2009,Chris Todd,SEC,378238,QB,198,328,0.604,2612,22,6,8,44,-116,0,-2.6,16,Not Dual Threat,Auburn,8,Other,0.9369431289095076,0.43272727272727274,-0.07446808510638298,41.689473684210526,54.258196867670875,11.1,226.93,57.8,63,4.566666666666667,1016.5333333333333,0
2009,Jordan Jefferson,SEC,378564,QB,182,296,0.615,2166,17,7,7.3,112,171,1,1.5,26,Not Dual Threat,LSU,9,Other,0.8879398315070485,0.4011142061281337,-0.18421052631578944,46.189473684210526,47.73860531355568,15.3,293.15,68.575,45.5,6.075,1015.0666666666667,0
2009,Nick Florence,Big 12,379895,QB,165,266,0.62,1786,6,9,6.7,57,62,3,1.1,29,Not Dual Threat,Baylor,4,Other,0.894250074112795,0.38738738738738737,-0.10144927536231883,43.46,41.406951996944066,0.6,183.32,70.01818181818182,56.72727272727273,8.909090909090908,1017.59,0
2009,Tyler Hansen,Big 12,380345,QB,129,231,0.558,1440,8,7,6.2,84,61,1,0.7,31,Not Dual Threat,Colorado,3,Other,0.989556732352671,0.3546734955185659,0,32.49333333333333,32.303271743614395,-1.6,188.77,59.4375,55.625,6.3625,1015.52,0
2009,Blaine Gabbert,Big 12,381364,QB,262,445,0.589,3593,24,9,8.1,103,204,3,2,40,Not Dual Threat,Missouri,8,Pocket Passer,0.8782163291210672,0.4330518697225573,-0.07368421052631578,56.59,55.898185002235266,7,206.45,62.96,57.2,7.64,1016.1222222222223,0
2009,Tate Forcier,Big Ten,480264,QB,165,281,0.587,2050,13,10,7.3,118,240,3,2,31,Not Dual Threat,Michigan,5,Other,0.8451730125701543,0.43686502177068215,-0.08536585365853659,45.9421052631579,46.849996748722354,3.1,262.72,55.775,57.916666666666664,7.391666666666667,1016.4833333333333,0
2009,Dave Shinskie,ACC,480401,QB,149,288,0.517,2049,15,14,7.1,30,-74,1,-2.5,15,Not Dual Threat,Boston College,8,Other,0.8855448497758709,0.38088445078459343,-0.10294117647058824,48.91,43.77817901403246,7,164.59,60.358333333333334,70,10.858333333333333,1015.5545454545454,0
2010,Taylor Potts,Big 12,185054,QB,369,551,0.67,3726,35,10,6.8,33,4,2,0.1,43,Not Dual Threat,Texas Tech,8,Pocket Passer,0.8970922642016269,0.4340239912758997,-0.14736842105263157,64.515,64.65321397647465,5.2,207.32,71.24545454545455,26.727272727272727,11.290909090909091,1016.03,0
2010,Scott Tolzien,Big Ten,188112,QB,194,266,0.729,2459,16,6,9.2,30,-30,0,-1,9,Not Dual Threat,Wisconsin,11,Other,0.8627585214032427,0.5337931034482759,-0.06862745098039216,78.21666666666667,71.25449794902275,18.2,194.33,57.85,59.25,7.016666666666667,1016.75,0
2010,Adam Weber,Big Ten,188157,QB,205,368,0.557,2679,20,9,7.3,52,156,0,3,29,Not Dual Threat,Minnesota,3,Other,0.9576587549817788,0.3915900131406045,-0.1794871794871795,57.44117647058824,53.4984540873704,-3.6,186.47,54.81666666666667,58.333333333333336,7.008333333333333,1019.3909090909091,0
2010,Ricky Stanzi,Big Ten,188298,QB,221,345,0.641,3004,25,6,8.7,48,-6,2,-0.1,26,Not Dual Threat,Iowa,8,Other,0.9843751546209444,0.4421965317919075,-0.08974358974358974,71.75263157894737,66.63550635434333,13.1,208.14,58.44166666666666,52.666666666666664,10.175,1017.3083333333334,0
2010,Cody Hawkins,Big 12,188466,QB,124,231,0.537,1547,14,5,6.7,9,-32,0,-3.6,9,Not Dual Threat,Colorado,5,Other,0.9233105951718706,0.4008207934336525,-0.0958904109589041,54.107692307692304,45.68469750512818,0.5,183.91,60.91,45.9,6.28,1016.825,0
2010,Mike Hartline,SEC,188612,QB,268,405,0.662,3178,23,9,7.8,32,-35,1,-1.1,13,Not Dual Threat,Kentucky,6,Pocket Passer,0.9423064845543172,0.446229913473424,0,65,58.35783083463279,3.6,190.83,69,38.333333333333336,6.341666666666667,1018.48,0
2010,Ben Chappell,Big Ten,188708,QB,302,483,0.625,3295,24,9,6.8,47,14,3,0.3,19,Not Dual Threat,Indiana,5,Pocket Passer,0.8374345470745785,0.4374176548089592,-0.3783783783783784,57.73529411764706,58.033178329302935,-6.3,164.39,61.70909090909091,50.63636363636363,8.39090909090909,1018.0818181818182,0
2010,Austen Arnaud,Big 12,188980,QB,171,290,0.59,1703,13,10,5.9,103,287,2,2.8,22,Not Dual Threat,Iowa State,5,Other,0.9393142392282506,0.3770949720670391,-0.19718309859154928,41.92777777777778,38.743323743496994,-2,175.2,61.9,51,10.4,1017.2,0
2010,Greg McElroy,SEC,191494,QB,222,313,0.709,2987,20,5,9.5,60,-12,1,-0.2,17,Not Dual Threat,Alabama,10,Other,0.8829675751036491,0.5,-0.07368421052631578,67.14999999999999,69.53982700173405,26.2,284.2,69.91818181818182,50.18181818181818,2.8454545454545452,1017.690909090909,0
2010,Jerrod Johnson,Big 12,191668,QB,158,279,0.566,1947,14,9,7,79,146,2,1.8,17,Not Dual Threat,Texas A&M,9,Other,0.8457817758080123,0.4322860238353196,-0.07,48.54545454545455,48.94354739688041,13.8,240.98,73.50909090909092,44.09090909090909,8.49090909090909,1016.6636363636363,0
2010,Carson Coffman,Big 12,192425,QB,171,263,0.65,2060,14,7,7.8,110,157,9,1.4,36,Not Dual Threat,Kansas State,7,Other,0.9564179010165632,0.4090909090909091,-0.24705882352941175,44.84705882352941,51.40932553809735,4,164.45,64.85,50.4,9.34,1017.2,0
2010,Ryan Mallett,SEC,232007,QB,266,411,0.647,3869,32,12,9.4,44,-74,4,-1.7,14,Not Dual Threat,Arkansas,10,Pocket Passer,1.0607676010941929,0.4320827943078913,-0.20388349514563103,66.63,67.561308555902,19.5,203.21,65.15,55,6.8125,1018.0714285714286,0
2010,Ryan Tannehill,Big 12,232059,QB,152,234,0.65,1638,13,6,7,51,76,1,1.5,48,Not Dual Threat,Texas A&M,9,Other,0.8457817758080123,0.4322860238353196,-0.07,54.36666666666667,49.82126735850358,13.8,240.98,73.50909090909092,44.09090909090909,8.49090909090909,1016.6636363636363,0
2010,John Brantley,SEC,235158,QB,200,329,0.608,2061,9,10,6.3,52,-111,0,-2.1,12,Not Dual Threat,Florida,8,Other,0.9680997577099894,0.38461538461538464,-0.08139534883720931,44.042857142857144,39.770867944684205,15.9,324.62,74.04545454545455,48.27272727272727,5.581818181818182,1018.209090909091,0
2010,Brandon Weeden,Big 12,235677,QB,342,511,0.669,4277,34,13,8.4,17,-68,0,-4,19,Not Dual Threat,Oklahoma State,11,Pocket Passer,0.8701214196773402,0.4885954381752701,-0.061946902654867256,66.46842105263158,67.883207956931,17.6,213.1,69.3,42.333333333333336,9.391666666666667,1016.425,0
2010,Larry Smith,SEC,236079,QB,117,247,0.474,1262,6,5,5.1,105,248,4,2.4,57,Not Dual Threat,Vanderbilt,2,Other,0.9450282090974425,0.333843797856049,-0.1111111111111111,20.36,25.932374083433228,-7.7,188.39,66.75,41.666666666666664,7.016666666666667,1018.7636363636364,0
2010,Tyrod Taylor,ACC,236838,QB,188,315,0.597,2743,24,5,8.7,146,659,5,4.5,72,Dual Threat,Virginia Tech,11,Pure Runner,0.9308098501273984,0.4545454545454546,0.0707070707070707,72.5,65.65256782791187,18.4,214.01,64.85454545454546,53.63636363636363,6.818181818181818,1015.375,0
2010,Dan Persa,Big Ten,237001,QB,222,302,0.735,2581,15,4,8.5,164,519,9,3.2,31,Not Dual Threat,Northwestern,7,Pure Runner,0.8281412515410715,0.4668470906630582,-0.1044776119402985,72.21333333333334,63.6031106833982,-2,176.85,57.2,60.583333333333336,7.141666666666667,1018.3636363636364,0
2010,Russell Wilson,ACC,238093,QB,308,527,0.584,3563,28,14,6.8,143,435,9,3,34,Dual Threat,NC State,9,Dual Threat,0.9547611999121532,0.4057815845824411,-0.1346153846153846,60.23888888888889,57.25053943721196,11.6,208.25,72.11818181818182,41.18181818181818,7.336363636363636,1016.7636363636364,0
2010,Stephen Garcia,SEC,243503,QB,224,349,0.642,3059,20,14,8.8,105,222,6,2.1,22,Dual Threat,South Carolina,9,Other,1.0111902612132182,0.4419753086419753,-0.07291666666666667,64.88571428571429,57.5973934987522,16.6,210.39,69.26666666666667,44.416666666666664,3.275,1018.825,0
2010,Jacory Harris,ACC,377700,QB,148,270,0.548,1793,14,15,6.6,29,27,2,0.9,29,Not Dual Threat,Miami,7,Other,0.90206710390206,0.4182242990654206,-0.08536585365853659,46.15,46.74976490104401,12,249.55,73.95833333333333,49.083333333333336,7.875,1018.025,0
2010,Landry Jones,Big 12,377845,QB,405,617,0.656,4718,38,12,7.6,51,-128,1,-2.5,18,Not Dual Threat,Oklahoma,12,Pocket Passer,0.8077822360363682,0.4477317554240631,-0.11666666666666668,65.43636363636364,65.55713174197932,21.1,283.58,72.23636363636363,41,7.863636363636364,1016.5727272727273,0
2010,Kyle Parker,ACC,377866,QB,196,341,0.575,2213,12,11,6.5,47,28,0,0.6,18,Not Dual Threat,Clemson,6,Other,0.9064457634736818,0.376425855513308,-0.08641975308641975,40.17368421052632,45.795581905129524,10.4,218.08,66.21818181818182,40.81818181818182,5.545454545454546,1018.2454545454545,0
2010,Robert Griffin III,Big 12,378497,QB,304,454,0.67,3501,22,8,7.7,149,635,8,4.3,71,Dual Threat,Baylor,7,Dual Threat,1.015294209067476,0.435656836461126,-0.07368421052631578,66.81,59.1219539157384,3.2,206.15,75.01818181818182,48.63636363636363,7.790909090909091,1016.9111111111112,0
2010,Jordan Jefferson,SEC,378564,QB,118,209,0.565,1411,7,10,6.8,123,450,7,3.7,83,Not Dual Threat,LSU,11,Pure Runner,0.8265405416603262,0.41405269761606023,0,47.295,42.77406515076142,16.8,267.84,77.96666666666667,53,3.5,1013.6333333333333,0
2010,Blaine Gabbert,Big 12,381364,QB,301,475,0.634,3186,16,9,6.7,112,232,5,2.1,32,Not Dual Threat,Missouri,10,Pocket Passer,0.9259678478796024,0.43828715365239296,-0.07954545454545454,56.62,54.71351598166552,16.2,229,67.05555555555556,51.333333333333336,7.777777777777778,1017.6333333333333,0
2010,Sean Renfree,ACC,381689,QB,285,464,0.614,3131,14,17,6.7,51,-47,4,-0.9,37,Not Dual Threat,Duke,3,Other,0.9151422248837386,0.4177057356608479,-0.18421052631578944,45.87894736842105,44.538988922760495,-4,171.81,68.25,40.75,5.208333333333333,1017.7363636363636,0
2010,Jeremiah Masoli,SEC,381755,QB,167,296,0.564,2039,14,13,6.9,121,544,6,4.5,56,Not Dual Threat,Ole Miss,4,Pure Runner,0.9699009538954896,0.38188976377952755,-0.1794871794871795,53.23157894736842,45.40567518591957,1.3,223.7,67.63636363636364,50.45454545454545,4.954545454545455,1017.7,0.09090909090909091
2010,Garrett Gilbert,Big 12,480209,QB,260,441,0.59,2744,10,17,6.2,100,380,5,3.8,31,Not Dual Threat,Texas,5,Other,0.8800962715591628,0.39924906132665833,-0.25609756097560976,41.3421052631579,45.77900156411094,6.2,312.07,72,51.111111111111114,6.022222222222222,1015.8222222222222,0
2010,Aaron Murray,SEC,480210,QB,209,342,0.611,3049,24,8,8.9,87,167,4,1.9,35,Not Dual Threat,Georgia,6,Other,0.9146187516781176,0.4559659090909091,0,69.975,62.68952326124598,13.8,259.87,70.57000000000001,42.1,6.38,1019.4,0
2010,Denard Robinson,Big Ten,480237,QB,182,291,0.625,2570,18,11,8.8,256,1702,14,6.6,87,Not Dual Threat,Michigan,7,Pure Runner,0.9448249083574088,0.463855421686747,-0.14583333333333334,68.15882352941176,72.64419668837232,3.6,237.54,56.025,55.25,9.9,1017.5363636363636,0
2010,Nathan Scheelhaase,Big Ten,480413,QB,155,264,0.587,1825,17,8,6.9,185,868,5,4.7,55,Not Dual Threat,Illinois,7,Pure Runner,0.8381343376515981,0.4221165279429251,-0.16470588235294115,53.03333333333333,53.008160959431926,9.5,180.07,57.68181818181818,59.09090909090909,11.636363636363637,1019.3222222222222,0
2010,Jordan Webb,Big 12,480812,QB,121,214,0.565,1195,7,8,5.6,59,84,0,1.4,25,Not Dual Threat,Kansas,3,Other,0.9376967386470918,0.3371757925072046,-0.2058823529411765,33.07857142857143,29.04025976705333,-11.5,177.9,69.48,50.3,10.15,1016.31,0
2010,Danny O'Brien,ACC,480847,QB,192,337,0.57,2438,22,8,7.2,31,-48,1,-1.5,12,Not Dual Threat,Maryland,9,Other,0.9552486431239292,0.36834733893557425,-0.22105263157894736,56.194117647058825,53.41328648465358,8.2,205.67,63.627272727272725,41.54545454545455,7.209090909090909,1018.5181818181818,0
2010,Tanner Price,ACC,500554,QB,137,241,0.568,1349,7,8,5.6,75,120,4,1.6,28,Not Dual Threat,Wake Forest,3,Other,0.837700123846141,0.3618739903069466,-0.12280701754385964,30.988888888888887,35.14832900694585,-6,178.48,67.125,42.833333333333336,5.875,1017.3272727272728,0
2010,Tyler Bray,SEC,501546,QB,125,224,0.558,1849,18,10,8.3,20,-103,0,-5.2,9,Not Dual Threat,Tennessee,6,Other,1.0588416176499225,0.3691860465116279,0,54.964285714285715,48.90415222009918,6.4,271.56,67.32727272727273,50.81818181818182,4.627272727272727,1019.9454545454546,0
2011,Ryan Tannehill,Big 12,232059,QB,327,531,0.616,3744,29,15,7.1,58,306,4,5.3,65,Not Dual Threat,Texas A&M,7,Pocket Passer,0.867570286368503,0.47026431718061673,-0.07,66.51904761904761,66.47055214420963,17.5,193.44,72.41818181818182,46.90909090909091,11.454545454545455,1013.81,0
2011,John Brantley,SEC,235158,QB,144,240,0.6,2044,11,7,8.5,25,-120,0,-4.8,4,Not Dual Threat,Florida,7,Other,0.9209042542430398,0.38645980253878703,0,46.626666666666665,50.689116689100466,10.7,258.24,72.7,52.2,5.79,1018.5600000000001,0
2011,Brandon Weeden,Big 12,235677,QB,408,564,0.723,4727,37,13,8.4,17,-102,1,-6,11,Not Dual Threat,Oklahoma State,12,Pocket Passer,0.822007718289532,0.5155440414507773,-0.17073170731707318,76.67999999999999,74.57284739016247,27,212.82,70.68333333333334,42.25,11.158333333333333,1013.3833333333333,0
2011,Dan Persa,Big Ten,237001,QB,218,297,0.734,2376,17,7,8,79,32,1,0.4,22,Not Dual Threat,Northwestern,6,Other,0.8282326395614477,0.47335811648079307,-0.16666666666666666,67.82000000000001,56.84588930159844,2,150.59,61.09166666666667,54,9.575000000000001,1016.6,0
2011,Russell Wilson,Big Ten,238093,QB,225,309,0.728,3175,33,4,10.3,79,338,6,4.3,46,Dual Threat,Wisconsin,11,Pocket Passer,1.0059584920978564,0.5014492753623189,-0.06363636363636363,85.52105263157895,87.34501493103944,23,174.08,57.736363636363635,60.72727272727273,9.736363636363636,1013.8,0
2011,Kirk Cousins,Big Ten,238910,QB,267,419,0.637,3316,25,10,7.9,37,-39,0,-1.1,21,Not Dual Threat,Michigan State,11,Pocket Passer,0.913161363091587,0.4072289156626506,-0.16091954022988506,56.735,61.00125578777198,14.2,198.83,56.1,64.5,11.525,1015.8916666666667,0
2011,Jacory Harris,ACC,377700,QB,195,300,0.65,2486,20,9,8.3,53,88,0,1.7,28,Not Dual Threat,Miami,6,Other,0.9838166226130192,0.42816500711237554,-0.4929577464788733,66.81666666666666,59.79211533637377,9.3,198.68,77.91666666666667,57.333333333333336,7.591666666666667,1016.675,0
2011,Landry Jones,Big 12,377845,QB,355,562,0.632,4463,29,15,7.9,32,-24,2,-0.8,11,Not Dual Threat,Oklahoma,10,Pocket Passer,0.8836664096796245,0.4871495327102804,-0.06140350877192982,64.31428571428572,66.82565776399237,23.8,256.79,70.86363636363636,48.90909090909091,11.00909090909091,1013.3090909090909,0
2011,Seth Doege,Big 12,377942,QB,398,581,0.685,4004,28,10,6.9,54,46,4,0.9,48,Not Dual Threat,Texas Tech,5,Pocket Passer,0.8736026370860402,0.4782082324455206,-0.15384615384615383,56.655,63.86902036464766,2.8,230.54,70.89166666666667,39.166666666666664,12.875,1013.0416666666666,0
2011,Robert Griffin III,Big 12,378497,QB,291,402,0.724,4293,37,6,10.7,179,699,10,3.9,49,Dual Threat,Baylor,10,Dual Threat,0.934023439539254,0.5006075334143378,0,77,80.51837379743276,12,169.94,77.025,41,12.866666666666667,1013.0833333333334,0
2011,Sean Renfree,ACC,381689,QB,282,434,0.65,2891,14,11,6.7,58,-58,4,-1,8,Not Dual Threat,Duke,3,Other,0.9919876574467488,0.39014647137150466,-0.0945945945945946,42.973684210526315,48.33779097578168,-6.1,149.33,69.58333333333333,50.5,6.258333333333333,1018.5916666666667,0
2011,James Vandenberg,Big Ten,381738,QB,237,404,0.587,3022,25,7,7.5,78,61,3,0.8,24,Not Dual Threat,Iowa,7,Other,0.9118334226666366,0.427860696517413,0,62.65263157894736,57.941748578084095,5.2,208.64,58.30833333333334,62,9.116666666666667,1016.65,0
2011,Collin Klein,Big 12,381823,QB,161,281,0.573,1918,13,6,6.8,317,1141,27,3.6,63,Not Dual Threat,Kansas State,10,Pure Runner,0.9047285014179228,0.40298507462686567,0.08333333333333333,62.83809523809524,50.81068724068602,8.2,161.75,68.475,54.916666666666664,9.591666666666667,1013.5166666666667,0
2011,MarQueis Gray,Big Ten,381929,QB,108,213,0.507,1495,8,8,7,199,966,6,4.9,37,Not Dual Threat,Minnesota,3,Pure Runner,0.8962243493994465,0.3925549915397631,-0.2692307692307692,46.95555555555555,44.99853529826711,-7.1,157.15,59.50833333333333,50.416666666666664,12.583333333333334,1016.375,0
2011,Mike Glennon,ACC,381967,QB,283,453,0.625,3054,31,12,6.7,52,-122,1,-2.3,15,Not Dual Threat,NC State,8,Other,0.8992191840258746,0.3717791411042945,-0.25,47.515789473684215,51.523742482681016,2.4,139.33,64.99166666666667,51.75,9.716666666666667,1020.7,0
2011,Caleb TerBush,Big Ten,382027,QB,171,277,0.617,1905,13,6,6.9,83,219,1,2.6,41,Not Dual Threat,Purdue,7,Other,0.9415486701300164,0.412484700122399,0,44.56470588235294,48.75770983284974,0,129.88,62.666666666666664,53.166666666666664,10.575,1017.3416666666667,0
2011,Tyler Wilson,SEC,382642,QB,277,438,0.632,3638,24,6,8.3,60,-3,4,-0.1,30,Not Dual Threat,Arkansas,11,Pocket Passer,1.0035400692461112,0.4261213720316623,-0.2828282828282828,59.15,62.5587561123615,16.6,226.22,66.675,55.5,9.3625,1014.5,0
2011,Steele Jantz,Big 12,383008,QB,138,259,0.533,1519,10,11,5.9,84,216,2,2.6,28,Not Dual Threat,Iowa State,6,Other,0.9896559233797818,0.3759733036707453,-0.25609756097560976,37.39090909090909,35.641758461432175,-0.5,153.86,60.18333333333334,58.583333333333336,12.208333333333334,1016.3166666666667,0
2011,Aaron Murray,SEC,480210,QB,238,403,0.591,3149,35,14,7.8,87,103,2,1.2,23,Not Dual Threat,Georgia,10,Other,0.9565374332796645,0.3828571428571429,-0.24778761061946905,66.64375,56.035159372338676,15.4,278.18,67.32727272727273,40.45454545454545,6.963636363636364,1021.73,0
2011,AJ McCarron,SEC,480215,QB,219,328,0.668,2634,16,5,8,30,-22,2,-0.7,13,Not Dual Threat,Alabama,12,Other,0.8509407788602957,0.463519313304721,-0.07954545454545454,67.25625000000001,65.24561311519179,30.2,298.5,72.36666666666666,44.083333333333336,6.816666666666666,1018.3,0
2011,Tajh Boyd,ACC,480221,QB,298,499,0.597,3828,33,12,7.7,142,218,5,1.5,24,Dual Threat,Clemson,10,Pocket Passer,0.939022735674068,0.4362486828240253,-0.2545454545454545,54.904761904761905,55.591251427856534,8.3,269.69,67.9,45.916666666666664,4.933333333333334,1020,0
2011,Denard Robinson,Big Ten,480237,QB,133,245,0.543,2075,20,15,8.5,213,1130,16,5.3,53,Dual Threat,Michigan,11,Pure Runner,0.9690390194908004,0.4316644113667118,-0.07692307692307693,63.6,65.68742400170811,17.6,205.16,58.65,65.5,11.883333333333333,1016.7666666666667,0
2011,Logan Thomas,ACC,480239,QB,234,391,0.598,3013,19,10,7.7,153,469,11,3.1,23,Dual Threat,Virginia Tech,11,Pure Runner,0.9253087788409876,0.4351747463359639,0,65.45238095238095,58.38863298576352,11.8,190.02,59.58333333333333,62,5.533333333333333,1019.7454545454545,0
2011,Nathan Scheelhaase,Big Ten,480413,QB,184,291,0.632,2110,13,8,7.3,191,624,6,3.3,37,Not Dual Threat,Illinois,7,Pure Runner,0.8804229744351526,0.4051825677267374,0,48.78823529411765,49.43231743577082,5.7,183.92,61.541666666666664,55.5,11.325000000000001,1016.95,0
2011,Jordan Webb,Big 12,480812,QB,179,281,0.637,1884,13,12,6.7,70,-86,1,-1.2,13,Not Dual Threat,Kansas,2,Other,0.9067282551215684,0.38837920489296635,-0.11666666666666668,36.03,35.16570963726291,-9.4,178.77,66.38181818181818,53.09090909090909,9.236363636363636,1016.26,0
2011,Danny O'Brien,ACC,480847,QB,150,266,0.564,1648,7,10,6.2,33,57,2,1.7,30,Not Dual Threat,Maryland,2,Other,0.9079631551306676,0.4087968952134541,-0.2692307692307692,27.784615384615385,41.754450793028354,-4.6,162.97,60.77272727272727,60.27272727272727,5.8999999999999995,1019.9363636363636,0
2011,Taylor Martinez,Big Ten,481547,QB,162,288,0.563,2089,13,8,7.3,188,874,9,4.6,57,Not Dual Threat,Nebraska,9,Pure Runner,0.918842018886943,0.411543287327478,0,51.766666666666666,55.53046576543716,11,245.6,59.775,57.166666666666664,12.691666666666666,1015.6416666666667,0
2011,Tanner Price,ACC,500554,QB,253,422,0.6,3017,20,6,7.1,78,-53,1,-0.7,23,Not Dual Threat,Wake Forest,6,Other,1.020964431374532,0.3805522208883554,0,51.785714285714285,48.159026177731704,-0.2,144.89,62.75833333333333,55.166666666666664,8.083333333333334,1020.4916666666667,0.08333333333333333
2011,Jordan Rodgers,SEC,500561,QB,108,216,0.5,1524,9,10,7.1,117,420,4,3.6,40,Not Dual Threat,Vanderbilt,6,Pure Runner,0.9664907675856342,0.3706777316735823,-0.345679012345679,50.58888888888889,41.766399585504885,6.6,164,68.5,51.666666666666664,6.066666666666666,1019.6,0
2011,Tyler Bray,SEC,501546,QB,147,247,0.595,1983,17,6,8,26,-70,1,-2.7,11,Not Dual Threat,Tennessee,5,Other,1.006418519469692,0.3924914675767918,-0.2413793103448276,56.71,52.53633493834282,6.1,253.78,65.61666666666666,53,10.675,1019.0636363636363,0
2011,Chase Rettig,ACC,501665,QB,170,317,0.536,1960,12,9,6.2,41,-84,1,-2,16,Not Dual Threat,Boston College,4,Other,0.9914760147341778,0.3792134831460674,0,41.52857142857143,39.734809795102436,-0.5,180.89,63.325,63.083333333333336,10.008333333333333,1017.2,0
2011,James Franklin,Big 12,501816,QB,238,376,0.633,2865,21,11,7.6,217,981,15,4.5,31,Dual Threat,Missouri,8,Pure Runner,0.8728958275505577,0.47139588100686497,-0.2058823529411765,56.455,63.442080900201695,15.3,158.06,70.2,48.18181818181818,11.227272727272727,1013.5272727272727,0
2011,Jared Barnett,Big 12,502053,QB,110,220,0.5,1201,6,6,5.5,104,437,1,4.2,31,Not Dual Threat,Iowa State,6,Pure Runner,0.9896559233797818,0.3759733036707453,-0.25609756097560976,34.214285714285715,34.954920732405704,-0.5,153.86,60.18333333333334,58.583333333333336,12.208333333333334,1016.3166666666667,0
2012,Robert Marve,Big Ten,236058,QB,166,253,0.656,1734,15,5,6.9,40,2,0,0.1,17,Not Dual Threat,Purdue,6,Other,0.8875112868614763,0.3850267379679144,-0.23863636363636365,50.983333333333334,50.63305796194983,1.1,188.27,55.88333333333333,59.416666666666664,9.7,1019.5416666666666,0
2012,Landry Jones,Big 12,377845,QB,367,555,0.661,4267,30,11,7.7,14,-110,0,-7.9,5,Not Dual Threat,Oklahoma,10,Pocket Passer,0.8457921949320506,0.49885057471264366,-0.14432989690721648,75.805,66.03255362410947,21.7,255.08,65.94545454545454,45.18181818181818,11.081818181818182,1018.0181818181818,0
2012,Seth Doege,Big 12,377942,QB,380,541,0.702,4205,39,16,7.8,48,59,2,1.2,23,Not Dual Threat,Texas Tech,8,Pocket Passer,0.8978440027858495,0.5156054931335831,-0.2079207920792079,66.4,70.57472476591686,10.3,220.7,70.45454545454545,40.27272727272727,10.60909090909091,1015.8545454545455,0
2012,Nick Florence,Big 12,379895,QB,286,464,0.616,4309,33,13,9.3,139,568,10,4.1,60,Dual Threat,Baylor,8,Dual Threat,0.954309410090316,0.476038338658147,-0.058823529411764705,72.19,69.14760457719426,15.1,222.62,71.76363636363637,59.18181818181818,8.272727272727273,1016.1181818181818,0
2012,Sean Renfree,ACC,381689,QB,297,441,0.673,3113,19,10,7.1,38,-50,1,-1.3,25,Not Dual Threat,Duke,6,Other,0.8588074284822811,0.4051094890510949,-0.3888888888888889,52.6,53.69193922595797,-1.7,165.02,66.85833333333333,56.5,6.533333333333333,1016.95,0
2012,James Vandenberg,Big Ten,381738,QB,223,389,0.573,2249,7,8,5.8,63,16,4,0.3,21,Not Dual Threat,Iowa,4,Other,0.8852584611792913,0.3761969904240766,0,40.05,43.12489890141234,1.1,201.08,53.19090909090909,58.27272727272727,12.054545454545455,1021.0454545454545,0
2012,Collin Klein,Big 12,381823,QB,197,304,0.648,2641,16,9,8.7,207,920,23,4.4,34,Not Dual Threat,Kansas State,11,Pure Runner,0.8498917143420264,0.45673758865248226,0.14736842105263157,77.67142857142856,74.20225421481531,20.3,139.67,62.11666666666667,58.666666666666664,8.066666666666666,1018.35,0
2012,Mike Glennon,ACC,381967,QB,330,564,0.585,4031,31,17,7.1,56,-164,2,-2.9,14,Not Dual Threat,NC State,7,Pocket Passer,0.9783472666175052,0.3926645091693635,0,55.33,50.662216773040996,3.5,183.7,71.25,50.333333333333336,7.391666666666667,1016.0666666666666,0
2012,Tyler Wilson,SEC,382642,QB,249,401,0.621,3387,21,13,8.4,41,7,0,0.2,14,Not Dual Threat,Arkansas,4,Pocket Passer,0.8768207196593002,0.4472511144130758,0,59.975,55.514548069667725,3.1,222.12,68.7,58.8,7.859999999999999,1019.77,0
2012,Steele Jantz,Big 12,383008,QB,167,269,0.621,1603,13,12,6,92,216,1,2.3,21,Not Dual Threat,Iowa State,6,Other,0.9743510160945124,0.3739837398373983,0,32.74666666666667,38.75328654886268,5.2,155.41,60.09166666666667,54.333333333333336,10.383333333333333,1018.75,0
2012,Dayne Crist,Big 12,385324,QB,103,216,0.477,1313,4,9,6.1,27,-66,0,-2.4,9,Not Dual Threat,Kansas,1,Other,0.9271969626619598,0.378561736770692,-0.10294117647058824,21.30625,30.77583453782827,-6.8,128.07,64.31666666666666,55.75,10,1018.375,0
2012,Aaron Murray,SEC,480210,QB,249,386,0.645,3893,36,10,10.1,59,-68,3,-1.2,18,Not Dual Threat,Georgia,12,Pocket Passer,1.0200238531104904,0.4428571428571429,-0.2,60.92,71.18362226351582,22.7,273.57,69.19166666666666,53.166666666666664,5.533333333333333,1019.0166666666667,0
2012,AJ McCarron,SEC,480215,QB,211,314,0.672,2933,30,3,9.3,49,-10,1,-0.2,24,Not Dual Threat,Alabama,13,Other,0.8844439530898726,0.48823529411764705,0.0660377358490566,71.97619047619048,74.45369352535279,30.6,313.12,67.68181818181819,59.09090909090909,7.3545454545454545,1018.6090909090909,0
2012,Tajh Boyd,ACC,480221,QB,287,427,0.672,3896,36,13,9.1,186,514,10,2.8,27,Dual Threat,Clemson,11,Dual Threat,0.9550968312569068,0.4562899786780384,0,70.26842105263158,67.9841688651021,17.2,241.73,71.01666666666667,47.833333333333336,3.2833333333333337,1017.1916666666667,0
2012,Logan Thomas,ACC,480239,QB,220,429,0.513,2976,18,16,6.9,174,524,9,3,73,Not Dual Threat,Virginia Tech,7,Pure Runner,0.9324611048776836,0.37094972067039106,-0.16470588235294115,47.55789473684211,42.49628532903089,6.5,231.41,62.554545454545455,60.54545454545455,6.590909090909091,1019.1545454545454,0
2012,Zach Mettenberger,SEC,480251,QB,207,352,0.588,2609,12,7,7.4,47,-208,0,-4.4,7,Not Dual Threat,LSU,10,Other,0.8178962078691709,0.4214975845410628,0,46.12105263157895,46.38514702834384,19.3,252.55,73.3,51,9.275,1017.7249999999999,0
2012,Nathan Scheelhaase,Big Ten,480413,QB,149,246,0.606,1361,4,8,5.5,125,303,4,2.4,29,Not Dual Threat,Illinois,2,Other,0.8103569843582513,0.4107946026986507,0,26.52857142857143,33.543685083723226,-8.6,162.09,57.81666666666667,57.166666666666664,10.066666666666666,1021.0083333333333,0
2012,Taylor Martinez,Big Ten,481547,QB,228,368,0.62,2871,23,12,7.8,195,1019,10,5.2,92,Dual Threat,Nebraska,10,Pure Runner,0.8938568445681823,0.4704519119351101,-0.3211009174311927,60.4,61.95921078430377,12.2,213.77,60.65833333333333,45.666666666666664,12.1,1017.8666666666667,0
2012,Andrew Maxwell,Big Ten,481710,QB,234,446,0.525,2606,13,9,5.8,37,-106,0,-2.9,10,Not Dual Threat,Michigan State,7,Other,0.9133566488866672,0.381936887921654,-0.27631578947368424,43.188235294117646,44.11584353105756,9.3,210.77,52.03333333333333,59.333333333333336,8,1018.9916666666667,0
2012,Geno Smith,Big 12,488025,QB,369,518,0.712,4205,42,6,8.1,66,151,2,2.3,28,Not Dual Threat,West Virginia,7,Pocket Passer,0.9932989681342326,0.46503067484662575,-0.06666666666666667,67.645,75.37707386985282,7.9,206.7,60.372727272727275,53.63636363636363,10.709090909090909,1018.4181818181818,0
2012,Trevor Siemian,Big Ten,500419,QB,128,218,0.587,1312,6,3,6,21,48,1,2.3,14,Not Dual Threat,Northwestern,10,Other,0.879940693371329,0.4308211473565805,0,50.55789473684211,49.75028228091214,8,178.76,57.24166666666667,54.75,8.258333333333333,1019.1333333333333,0.08333333333333333
2012,Tanner Price,ACC,500554,QB,228,410,0.556,2300,12,7,5.6,77,-26,2,-0.3,25,Not Dual Threat,Wake Forest,5,Other,0.8821245459761314,0.3703125,-0.42,35.345,37.66897535235746,-7.6,156.07,68.63333333333333,51.66666666666667,7.783333333333333,1017.1416666666667,0
2012,Jordan Rodgers,SEC,500561,QB,191,319,0.599,2539,15,5,8,91,71,2,0.8,25,Not Dual Threat,Vanderbilt,9,Other,0.9753532585739548,0.3793103448275862,-0.21428571428571427,43.39473684210526,50.58568010375929,11.1,194.25,62.86666666666667,55.083333333333336,6.841666666666667,1018.7727272727273,0
2012,Bo Wallace,SEC,500990,QB,235,368,0.639,2994,22,17,8.1,143,390,8,2.7,58,Dual Threat,Ole Miss,7,Pure Runner,0.8877424104722517,0.4482338611449452,-0.25609756097560976,46.98,50.37364191518208,10.4,190.69,68.37,66.6,3.12,1015.8666666666667,0.1
2012,Stephen Morris,ACC,501142,QB,245,421,0.582,3345,21,7,7.9,51,70,1,1.4,22,Not Dual Threat,Miami,7,Pocket Passer,0.978218261248684,0.4023746701846966,0.15730337078651685,50.395,59.02246248266403,7,268.93,74.7,54.54545454545455,10.136363636363637,1017.7272727272727,0
2012,Tyler Bray,SEC,501546,QB,268,451,0.594,3612,34,12,8,15,-34,0,-2.3,9,Not Dual Threat,Tennessee,5,Pocket Passer,0.9625563021731268,0.4596977329974811,0.08045977011494253,57.605,62.939367048606215,8.9,242.81,66.5,57.166666666666664,3.541666666666667,1018.0333333333333,0
2012,Chase Rettig,ACC,501665,QB,253,467,0.542,3055,17,13,6.5,54,-169,0,-3.1,21,Not Dual Threat,Boston College,2,Other,1.0085582313160428,0.3854166666666667,-0.1917808219178082,38.43157894736842,38.90992210217039,-2.6,150.03,63.56666666666667,52.916666666666664,6.725,1018.5916666666667,0
2012,James Franklin,SEC,501816,QB,139,234,0.594,1562,10,7,6.7,88,122,0,1.4,28,Not Dual Threat,Missouri,5,Other,0.904157292706228,0.3679245283018868,0,42.542857142857144,39.145325861557076,8.4,212.4,66.15833333333333,53.333333333333336,6.825,1019.9583333333334,0
2012,Connor Shaw,SEC,504292,QB,154,228,0.675,1956,17,7,8.6,131,435,3,3.3,64,Not Dual Threat,South Carolina,11,Pure Runner,1.0756538933516129,0.38677918424753865,0,64.17058823529412,56.38219265408697,19.2,248.77,74.37272727272727,44.63636363636363,4.827272727272727,1016.5181818181818,0
2012,David Ash,Big 12,511262,QB,214,318,0.673,2699,19,8,8.5,51,141,2,2.8,49,Not Dual Threat,Texas,9,Other,0.9618480886051044,0.4432717678100264,0.14736842105263157,59.873684210526314,63.20156374488162,15.6,300.12,70.28181818181818,58.27272727272727,4.8090909090909095,1016.3,0
2012,Jeff Driskel,SEC,511889,QB,156,245,0.637,1646,12,5,6.7,118,408,4,3.5,70,Not Dual Threat,Florida,11,Pure Runner,0.8533880018251809,0.41009055627425617,-0.08433734939759036,47.1578947368421,48.16377126387737,19,290.27,79.00909090909092,47,7.127272727272727,1018.4181818181818,0
2012,Trevone Boykin,Big 12,517127,QB,167,292,0.572,2054,15,10,7,127,417,3,3.3,42,Not Dual Threat,TCU,7,Pure Runner,0.9238485452538544,0.3919239904988123,-0.14893617021276595,45.98421052631579,46.07456621207842,11.1,219.37,69.06666666666666,58.583333333333336,9.8,1016.275,0
2012,Johnny Manziel,SEC,517475,QB,295,434,0.68,3706,26,9,8.5,201,1410,21,7,72,Dual Threat,Texas A&M,11,Dual Threat,0.9901487120046766,0.4782608695652174,-0.12280701754385964,81.07368421052632,85.99008317142808,24.2,248.67,70.66363636363637,55.81818181818182,7.663636363636363,1017.97,0
2012,Cameron Coffman,Big Ten,530691,QB,247,407,0.607,2734,15,11,6.7,37,-1,1,0,13,Not Dual Threat,Indiana,4,Other,0.9397519903834174,0.4151404151404152,-0.25609756097560976,52.64705882352941,50.19264849594825,-4.1,175.53,58.49166666666667,63.333333333333336,7.425,1019.4666666666667,0
2013,Aaron Murray,SEC,480210,QB,225,347,0.648,3075,26,9,8.9,53,186,7,3.5,57,Dual Threat,Georgia,8,Other,1.0127380713060443,0.45997610513739545,-0.1414141414141414,76.4,68.9250048216469,18.4,260.38,68.80909090909091,57.72727272727273,5.045454545454545,1019.0818181818182,0
2013,AJ McCarron,SEC,480215,QB,226,336,0.673,3063,28,7,9.1,34,-22,0,-0.6,15,Not Dual Threat,Alabama,11,Other,0.9378339985851206,0.5055821371610846,0.07142857142857142,74.56842105263158,72.40278182637515,28.9,319.5,71.83333333333333,57.083333333333336,4.925,1018.475,0
2013,Tajh Boyd,ACC,480221,QB,283,413,0.685,3851,34,11,9.3,154,400,10,2.6,48,Dual Threat,Clemson,11,Dual Threat,0.9028032374226168,0.48293963254593175,0,68.73333333333333,70.8362636562681,20,249.66,66.45833333333333,56.583333333333336,4.241666666666666,1018.4666666666667,0.08333333333333333
2013,Logan Thomas,ACC,480239,QB,227,402,0.565,2907,16,13,7.2,162,344,4,2.1,26,Not Dual Threat,Virginia Tech,8,Other,0.9909857186928336,0.3860684769775679,-0.4268292682926829,45.52,44.176686447919856,8.8,223.82,66.65,67.25,5.866666666666667,1017.8818181818182,0
2013,Zach Mettenberger,SEC,480251,QB,192,296,0.649,3082,22,8,10.4,34,-133,0,-3.9,10,Not Dual Threat,LSU,10,Other,1.0954960327719314,0.4583901773533424,-0.07526881720430108,72.27,66.87541796535439,19.4,281.05,66.175,63.75,2.875,1020.2333333333333,0
2013,Nathan Scheelhaase,Big Ten,480413,QB,287,430,0.667,3272,21,13,7.6,113,271,4,2.4,35,Not Dual Threat,Illinois,4,Pocket Passer,0.9255987975504304,0.46174863387978143,-0.175,57.45263157894737,55.847645859656815,-2.9,176.35,59.31818181818182,56.27272727272727,12.563636363636364,1016.209090909091,0
2013,Bryce Petty,Big 12,480746,QB,250,403,0.62,4200,32,3,10.4,94,209,14,2.2,27,Dual Threat,Baylor,11,Pocket Passer,0.9945995036173908,0.4670255720053836,-0.11023622047244094,79.32857142857142,82.59393839488139,25.5,209.23,63.92727272727273,48.45454545454545,9.072727272727272,1021.4454545454545,0
2013,C.J. Brown,ACC,480846,QB,166,282,0.589,2242,13,7,8,140,576,12,4.1,64,Not Dual Threat,Maryland,7,Pure Runner,1.0072615764120854,0.39807162534435264,-0.08235294117647059,49.076470588235296,57.541526845418105,0.3,193.11,63.6,57.81818181818182,6.6454545454545455,1019.0636363636363,0
2013,Casey Pachall,Big 12,481287,QB,133,236,0.564,1468,6,10,6.2,31,24,1,0.8,13,Not Dual Threat,TCU,4,Other,0.8150849800398723,0.4005235602094241,-0.17721518987341772,43.815384615384616,40.9883950909171,8.7,194.83,70.9090909090909,55.90909090909091,13.209090909090909,1015.790909090909,0
2013,Clint Chelf,Big 12,481725,QB,164,291,0.564,2169,17,8,7.5,63,373,7,5.9,67,Not Dual Threat,Oklahoma State,10,Other,0.9881378713243504,0.4238095238095238,-0.13333333333333333,60.955,63.04416136854048,22.4,199.52,59.99090909090909,50.72727272727273,10.572727272727272,1021.8090909090909,0.09090909090909091
2013,Austyn Carta-Samuels,SEC,481988,QB,193,281,0.687,2268,11,9,8.1,75,115,5,1.5,21,Not Dual Threat,Vanderbilt,9,Other,0.8687902437629115,0.4416445623342175,-0.2441860465116279,47.126666666666665,54.61612005601299,5.7,211.23,70.6,58,8.491666666666667,1019.1666666666666,0
2013,Trevor Siemian,Big Ten,500419,QB,178,298,0.597,2149,11,9,7.2,48,33,0,0.7,15,Not Dual Threat,Northwestern,5,Other,0.8123530204726047,0.4723926380368098,-0.25925925925925924,53.864705882352936,51.159982275925216,4,174.64,57.666666666666664,58.166666666666664,10.266666666666667,1016.275,0
2013,Tanner Price,ACC,500554,QB,206,378,0.545,2233,13,10,5.9,123,239,5,1.9,16,Not Dual Threat,Wake Forest,4,Other,0.9331768163869872,0.3802612481857765,-0.23728813559322037,37.93333333333333,40.450274732245106,-3.5,153,67.375,53.75,9.525,1017.8833333333333,0.08333333333333333
2013,Bo Wallace,SEC,500990,QB,283,437,0.648,3346,18,10,7.7,131,355,6,2.7,29,Not Dual Threat,Ole Miss,8,Pocket Passer,0.9949336311545196,0.4445676274944568,-0.15217391304347827,57.419047619047625,57.83602654328322,14.1,275.52,65.85833333333333,62.333333333333336,2.6083333333333334,1017.82,0
2013,Anthony Boone,ACC,501046,QB,206,322,0.64,2260,13,13,7,66,214,5,3.2,23,Not Dual Threat,Duke,10,Other,0.9110228212446656,0.44382647385984425,-0.33980582524271846,53.86470588235294,54.745377597427364,6.5,148.96,66.61666666666667,56.333333333333336,5.433333333333334,1019.0666666666666,0
2013,Clint Trickett,Big 12,501098,QB,123,233,0.528,1605,7,7,6.9,36,-29,1,-0.8,12,Not Dual Threat,West Virginia,4,Other,0.9778732319943464,0.37532467532467534,-0.2727272727272727,31.82,40.56264539276751,-0.1,201.03,64.63636363636364,50.09090909090909,8.5,1017.3545454545455,0
2013,Stephen Morris,ACC,501142,QB,198,344,0.576,3028,21,12,8.8,28,-88,0,-3.1,16,Not Dual Threat,Miami,9,Other,1.0007661969304784,0.43841642228739,-0.14736842105263157,62.95263157894737,57.55002130392185,10.8,249.66,74.675,66.41666666666667,7.4,1018.05,0
2013,Devin Gardner,Big Ten,501543,QB,208,345,0.603,2960,21,11,8.6,165,483,11,2.9,36,Dual Threat,Michigan,7,Pure Runner,0.9889795083350148,0.4194373401534527,-0.16470588235294115,56.06111111111111,59.3147028152917,11.2,288.74,57.458333333333336,65.75,10.366666666666667,1016.1666666666667,0
2013,Jake Heaps,Big 12,501563,QB,128,261,0.49,1414,8,10,5.4,40,-162,1,-4.1,8,Not Dual Threat,Kansas,3,Other,0.9178018858106004,0.3440702781844802,0,18.942105263157895,24.399681448007822,-10.1,180.28,64.26666666666667,50.75,9.758333333333333,1017.9916666666667,0
2013,Pete Thomas,ACC,501565,QB,149,247,0.603,1667,4,9,6.7,72,163,2,2.3,38,Not Dual Threat,NC State,3,Other,0.9383179119255132,0.39800995024875624,-0.09090909090909093,35.846666666666664,39.969464416171995,-5.5,166.04,67.65,50.5,4.625,1020.2916666666666,0
2013,Chase Rettig,ACC,501665,QB,163,264,0.617,1995,17,8,7.6,60,71,1,1.2,54,Not Dual Threat,Boston College,7,Other,0.8698167238968129,0.3883495145631068,-0.1917808219178082,46.72,49.494729276780454,2.5,126.19,62.94166666666666,48.75,6.05,1018.2,0.08333333333333333
2013,James Franklin,SEC,501816,QB,198,319,0.621,2429,19,6,7.6,122,510,4,4.2,26,Not Dual Threat,Missouri,12,Pure Runner,0.9792340887005402,0.4366812227074236,0,73.98666666666666,61.9547056934269,21.2,189.91,62.792307692307695,56.53846153846154,9.523076923076923,1016.9666666666667,0
2013,Blake Bell,Big 12,501882,TE,140,233,0.601,1648,12,5,7.1,75,255,0,3.4,27,Not Dual Threat,Oklahoma,11,Other,0.8705276579198707,0.4269005847953216,-0.15384615384615383,48.16842105263158,52.826400025807324,18.3,241.93,63.35454545454545,55.18181818181818,9.218181818181819,1020.5090909090909,0
2013,Case McCoy,Big 12,501941,QB,187,329,0.568,1933,11,13,5.9,27,-1,3,0,16,Not Dual Threat,Texas,8,Other,0.8688737020637163,0.38444193912063135,-0.3888888888888889,58.56818181818182,44.529871824049984,14.8,234.52,69.6,49,6.909090909090909,1015.8818181818182,0
2013,Connor Shaw,SEC,504292,QB,180,284,0.634,2447,24,1,8.6,154,558,6,3.6,31,Dual Threat,South Carolina,11,Pure Runner,1.0390222429377067,0.4505632040050062,0,68.00526315789473,66.29630494334401,20.7,224.01,70.94166666666666,60.583333333333336,4.341666666666667,1017.5916666666667,0
2013,Sam B. Richardson,Big 12,511969,QB,121,219,0.553,1397,11,6,6.4,98,342,1,3.5,51,Not Dual Threat,Iowa State,3,Other,0.9130155627856424,0.3970976253298153,-0.4057971014492754,35.94444444444444,39.3973271866601,-2.7,159.52,60.38333333333333,49.416666666666664,10.85,1017.925,0
2013,Connor Cook,Big Ten,512705,QB,223,380,0.587,2755,22,6,7.3,69,76,1,1.1,20,Not Dual Threat,Michigan State,13,Other,0.896148515403868,0.41336353340883353,-0.14893617021276595,63.955,59.12045157365029,17,193.96,57.95,59.166666666666664,12.375,1014.675,0
2013,Joel Stave,Big Ten,514230,QB,208,336,0.619,2494,22,13,7.4,37,-22,1,-0.6,10,Not Dual Threat,Wisconsin,9,Other,0.902190449846995,0.4820717131474104,-0.06542056074766354,47.59473684210526,59.52503157352445,18.5,191.08,58.175,58.083333333333336,10.275,1015.0916666666667,0
2013,Terrel Hunt,ACC,514440,QB,167,273,0.612,1638,10,8,6,106,500,7,4.7,29,Not Dual Threat,Syracuse,7,Pure Runner,0.9657263327223502,0.3821571238348868,0,47.484210526315785,48.90371503559308,-0.5,144.37,59.4,61.90909090909091,9.4,1015.3636363636364,0.5454545454545454
2013,Brandon Allen,SEC,515915,QB,128,258,0.496,1552,13,10,6,29,29,1,1,14,Not Dual Threat,Arkansas,3,Other,0.94300509232712,0.42917847025495753,-0.2153846153846154,44.17777777777778,40.74361656240851,-0.7,216.6,71.65555555555555,58.333333333333336,6.044444444444444,1014.8875,0
2013,Johnny Manziel,SEC,517475,QB,300,429,0.699,4114,37,13,9.6,144,759,9,5.3,49,Dual Threat,Texas A&M,9,Dual Threat,0.9152268082000156,0.5379665379665379,-0.061946902654867256,73.31,80.21173765197783,18.8,267.75,71.64545454545454,62.54545454545455,5.763636363636364,1017.02,0
2013,Jake Rudock,Big Ten,518380,QB,204,346,0.59,2383,18,13,6.9,67,218,5,3.3,31,Not Dual Threat,Iowa,8,Other,0.7803776236042542,0.4358669833729216,-0.23863636363636365,57.7,56.239917459851384,8.9,171.96,55.45,61.583333333333336,13.425,1017.125,0
2013,Nate Sudfeld,Big Ten,535825,QB,194,322,0.602,2523,21,9,7.8,38,-34,1,-0.9,10,Not Dual Threat,Indiana,5,Other,0.969247267452533,0.4319775596072931,-0.1414141414141414,56.045,57.061201200801094,4.6,190.33,60.96666666666667,61.833333333333336,9.908333333333333,1015.1,0
2013,Nick Marshall,SEC,550021,QB,142,239,0.594,1976,14,6,8.3,172,1068,12,6.2,62,Not Dual Threat,Auburn,12,Pure Runner,0.8687089051614642,0.4809688581314879,-0.06542056074766354,70.28999999999999,70.50347538279036,19.9,267.46,68.475,51.916666666666664,4.116666666666667,1019.7833333333333,0
2013,Jake Waters,Big 12,550158,QB,159,260,0.612,2469,18,9,9.5,118,312,6,2.6,24,Not Dual Threat,Kansas State,8,Other,0.9116511105323774,0.4746922024623803,-0.07526881720430108,53.3,64.57239359052406,14.3,158.71,68,40.75,9.225,1017.0666666666667,0
2013,Danny Etling,Big Ten,550170,QB,149,267,0.558,1690,10,7,6.3,55,-99,1,-1.8,18,Not Dual Threat,Purdue,1,Other,0.9259172039479464,0.3747747747747748,-0.509090909090909,33.64285714285714,35.191281549738086,-13.5,162.05,59.858333333333334,59.333333333333336,10.266666666666666,1018.0166666666667,0
2013,Baker Mayfield,Big 12,550373,QB,218,340,0.641,2315,12,9,6.8,88,190,3,2.2,22,Not Dual Threat,Texas Tech,8,Other,0.9649548626433893,0.4503582395087001,-0.19090909090909092,46.22307692307693,50.32298481118697,9.5,182.16,68.81818181818181,44.72727272727273,8.5,1016.2454545454545,0
2013,Davis Webb,Big 12,550386,QB,226,361,0.626,2718,20,9,7.5,25,-12,0,-0.5,14,Not Dual Threat,Texas Tech,8,Other,0.9649548626433893,0.4503582395087001,-0.19090909090909092,66.50625,57.11414166734583,9.5,182.16,68.81818181818181,44.72727272727273,8.5,1016.2454545454545,0
2013,Christian Hackenberg,Big Ten,552329,QB,231,392,0.589,2955,20,10,7.5,49,-68,4,-1.4,15,Not Dual Threat,Penn State,7,Other,0.861063363027259,0.4435994930291508,-0.08333333333333333,56.321052631578944,55.62037628427258,5.2,195.7,56.06363636363636,58.81818181818182,8.6,1016.0272727272727,0
2014,Bryce Petty,Big 12,480746,QB,270,428,0.631,3855,29,7,9,84,101,6,1.2,21,Dual Threat,Baylor,11,Pocket Passer,1.218741447525872,0.49230769230769234,4.0085470085470085,63.69,69.39242817362653,23.9,218.13,67.26666666666667,59.25,9.375,1017.925,0.08333333333333333
2014,C.J. Brown,Big Ten,480846,QB,189,354,0.534,2288,13,10,6.5,161,539,8,3.3,75,Not Dual Threat,Maryland,7,Pure Runner,1.1786996467433513,0.3937677053824363,3.602941176470588,41.42,44.50707908691327,5.8,190.98,62.775,60.833333333333336,8.425,1017.075,0.08333333333333333
2014,Trevor Siemian,Big Ten,500419,QB,228,392,0.582,2214,7,11,5.6,68,-123,5,-1.8,16,Not Dual Threat,Northwestern,5,Other,1.0776944669545674,0.4029511918274688,2.9220779220779223,39.71666666666667,38.43587705780029,1.8,182.68,53.59166666666667,60.25,10.275,1018.4666666666667,0
2014,Bo Wallace,SEC,500990,QB,229,381,0.601,3194,22,14,8.4,121,199,5,1.6,59,Dual Threat,Ole Miss,9,Pocket Passer,1.3568422982795108,0.4100719424460432,2.9240506329113924,48.689473684210526,49.99737078999289,20.5,241.12,64.89090909090909,63.09090909090909,7.2727272727272725,1015.625,0
2014,Anthony Boone,ACC,501046,QB,255,453,0.563,2700,19,8,6,94,375,5,4,30,Dual Threat,Duke,9,Other,1.06108965447183,0.4410430839002268,3.3522727272727275,53.28947368421053,55.64555141371834,7.7,166.35,64.725,60.75,7.233333333333333,1017.9583333333334,0.08333333333333333
2014,Clint Trickett,Big 12,501098,QB,281,419,0.671,3285,18,10,7.8,42,-106,1,-2.5,14,Not Dual Threat,West Virginia,7,Pocket Passer,1.1572953261145251,0.4393226716839135,3.19,54.55714285714286,55.17107808004242,12.1,194.85,61.4,61.166666666666664,7,1015.0083333333333,0
2014,Devin Gardner,Big Ten,501543,QB,174,283,0.615,1896,10,15,6.7,98,258,4,2.6,25,Not Dual Threat,Michigan,5,Other,1.1208220173724184,0.4273255813953488,2.9577464788732395,47.757894736842104,45.799396850674945,7.2,233.54,58.916666666666664,53.5,11.508333333333333,1016.5333333333333,0
2014,Tyler Murphy,ACC,503970,QB,131,230,0.57,1623,13,10,7.1,181,1184,11,6.5,71,Not Dual Threat,Boston College,7,Pure Runner,1.2860250651115728,0.4155092592592592,3.1707317073170733,64.62631578947368,58.79622299016297,6,177.12,62.49166666666667,62.916666666666664,7.608333333333333,1017.6083333333333,0
2014,Hutson Mason,SEC,504004,QB,188,277,0.679,2168,21,4,7.8,43,3,4,0.1,12,Not Dual Threat,Georgia,10,Other,1.2476588984977592,0.48751642575558474,4.418367346938775,64.4,66.27875071591073,24.3,273.39,63.375,50.5,9.7,1020.0909090909091,0
2014,Blake Sims,SEC,504052,QB,252,391,0.645,3487,28,10,8.9,83,350,7,4.2,43,Dual Threat,Alabama,12,Pocket Passer,1.1890774876057764,0.5155412647374062,4.196078431372549,72.87391304347825,73.56542451714822,26.8,319.71,70.60833333333333,56.75,6.566666666666666,1018.5454545454545,0
2014,Dylan Thompson,SEC,504295,QB,270,451,0.599,3564,26,11,7.9,67,-72,4,-1.1,20,Not Dual Threat,South Carolina,7,Pocket Passer,1.2184102892193789,0.4695187165775402,3.885057471264368,59.805,56.54376546213239,11.4,239.33,70.78333333333333,48.333333333333336,5.758333333333333,1018,0
2014,Jeff Driskel,SEC,511889,QB,114,212,0.538,1140,9,10,5.4,69,180,4,2.6,18,Not Dual Threat,Florida,7,Other,1.117852066488706,0.38070404172099087,3.392405063291139,41.16923076923077,38.635737654798795,15.7,267.4,68.95454545454545,58,7.0636363636363635,1017.7818181818182,0
2014,Sam B. Richardson,Big 12,511969,QB,254,451,0.563,2669,18,9,5.9,125,421,3,3.4,47,Not Dual Threat,Iowa State,2,Pure Runner,1.204494984724263,0.41379310344827586,3.4788732394366195,50.155,45.0935512239974,-3.9,171.65,59.266666666666666,57.166666666666664,8.266666666666667,1019.3666666666667,0
2014,Cole Stoudt,ACC,512052,QB,191,302,0.632,1892,9,10,6.3,69,93,1,1.3,18,Not Dual Threat,Clemson,10,Other,1.0983837969451515,0.4199772985244041,3.276595744680851,25.845,46.984211008497944,16.5,240.73,68.81666666666666,49.083333333333336,7.708333333333333,1016.725,0
2014,Jacoby Brissett,ACC,512191,QB,221,370,0.597,2606,23,5,7,124,529,3,4.3,60,Not Dual Threat,NC State,8,Pure Runner,1.1155910260834023,0.4908136482939632,3.944444444444444,54.88333333333333,59.27720012518305,3.9,201.31,67.75,49.833333333333336,9.058333333333334,1018.3333333333334,0.08333333333333333
2014,Justin Worley,SEC,512424,QB,157,252,0.623,1579,12,8,6.3,45,-105,3,-2.3,14,Not Dual Threat,Tennessee,7,Other,1.133072353427525,0.43207126948775054,3.4081632653061225,40.418181818181814,43.28708639795422,12.3,274.77,61.733333333333334,62.166666666666664,7.016666666666667,1019.08,0
2014,Connor Cook,Big Ten,512705,QB,212,365,0.581,3214,24,8,8.8,51,80,2,1.6,13,Not Dual Threat,Michigan State,11,Pocket Passer,1.2521919022211017,0.4952941176470588,4.336283185840708,68.75263157894737,70.9992808474322,23.1,217.62,55.61666666666667,59.833333333333336,8.683333333333334,1016.225,0
2014,Daxx Garman,Big 12,514105,QB,152,277,0.549,2041,12,12,7.4,60,-17,1,-0.3,18,Not Dual Threat,Oklahoma State,7,Other,1.228105504159621,0.4061784897025172,3.4177215189873418,40.1875,42.75283526383974,6.5,217.59,66.25833333333334,54.83333333333333,7.383333333333333,1019.1666666666666,0.08333333333333333
2014,Joel Stave,Big Ten,514230,QB,110,206,0.534,1350,9,10,6.6,13,-70,0,-5.4,12,Not Dual Threat,Wisconsin,11,Other,1.1978078021529954,0.4694610778443114,3.88,55.45555555555555,45.96299246738826,17.1,205.44,53.37692307692308,68.76923076923077,9.215384615384616,1016.0230769230769,0.15384615384615385
2014,Michael Brewer,ACC,514481,QB,262,441,0.594,2692,18,15,6.1,80,-5,2,-0.1,31,Not Dual Threat,Virginia Tech,7,Other,1.0651132236890248,0.399364406779661,3.0114942528735633,42.76,43.371296196111395,7.9,217.39,56.53333333333333,69.25,5.116666666666666,1020.1333333333333,0
2014,Reilly O'Toole,Big Ten,515454,QB,122,206,0.592,1344,10,8,6.5,95,263,1,2.8,28,Not Dual Threat,Illinois,6,Other,1.2326792481521875,0.40324594257178525,3.0987654320987654,48.67058823529412,41.6865709061012,-2.5,153.35,58.225,64.75,12.733333333333334,1017.4,0
2014,Brandon Allen,SEC,515915,QB,190,339,0.56,2285,20,5,6.7,42,0,2,0,21,Not Dual Threat,Arkansas,7,Other,1.222039897260191,0.4490566037735849,3.647727272727273,55.92857142857143,54.70457058932602,17.5,215.5,64.275,65.41666666666667,5.875,1019.2454545454545,0.08333333333333333
2014,Trevone Boykin,Big 12,517127,QB,301,492,0.612,3901,33,10,7.9,152,707,8,4.7,34,Dual Threat,TCU,12,Dual Threat,1.2221036845070723,0.47502903600464574,3.911504424778761,64.47272727272727,71.617953667541,26.1,188.64,66.925,52.166666666666664,8.9,1020.0083333333333,0
2014,Gary Nova,Big Ten,518344,QB,187,327,0.572,2851,22,12,8.7,45,-5,3,-0.1,20,Not Dual Threat,Rutgers,8,Other,1.1803839727312997,0.4470588235294118,3.6625,51.01578947368421,59.11868523007001,1.5,174.14,60.55833333333333,60,7.216666666666666,1017.0083333333333,0
2014,Jake Rudock,Big Ten,518380,QB,213,345,0.617,2436,16,5,7.1,67,176,3,2.6,21,Not Dual Threat,Iowa,7,Other,1.2157282518684664,0.4202733485193622,3.76,68.82631578947368,58.676999963253294,6.4,171.84,54.05833333333333,63.166666666666664,8.641666666666667,1020.7416666666667,0
2014,Will Gardner,ACC,530357,QB,127,221,0.575,1669,12,3,7.6,22,-106,0,-4.8,10,Not Dual Threat,Louisville,9,Other,1.3094729534928713,0.4006772009029345,4.090909090909091,54.84285714285714,51.535226911756155,11,183.64,66.34166666666667,63.333333333333336,9.708333333333334,1015.125,0.08333333333333333
2014,Mitch Leidner,Big Ten,530731,QB,122,237,0.515,1798,11,8,7.6,126,452,10,3.6,31,Not Dual Threat,Minnesota,8,Pure Runner,1.1412516317867616,0.4360248447204969,3.902439024390244,60.61,56.15329547319042,8.3,172.32,55.21666666666667,64.41666666666667,9.8,1017.625,0
2014,Patrick Towles,SEC,530944,QB,225,392,0.574,2718,14,9,6.9,146,305,6,2.1,48,Not Dual Threat,Kentucky,5,Other,1.2641312469580568,0.4017971758664955,2.944444444444444,45.61,42.53201642019376,3.3,225.4,64.71818181818182,53.63636363636363,10.145454545454546,1017.24,0
2014,Maty Mauk,SEC,531385,QB,221,414,0.534,2648,25,13,6.4,108,373,2,3.5,36,Not Dual Threat,Missouri,11,Other,1.2558028809015822,0.42027455121436114,3.404494382022472,50.34285714285714,50.30557758971508,13.7,198.53,64.6923076923077,57.38461538461539,5.346153846153846,1018.55,0
2014,Tommy Armstrong Jr.,Big Ten,533270,QB,184,345,0.533,2695,22,12,7.8,145,705,6,4.9,42,Dual Threat,Nebraska,9,Pure Runner,1.188500739423584,0.456242707117853,3.5981308411214954,55.304761904761904,59.75626500058223,13.2,200.24,56.86666666666667,55.166666666666664,7.391666666666667,1016.825,0
2014,Trevor Knight,Big 12,534449,QB,179,316,0.566,2300,14,12,7.3,68,339,5,5,31,Not Dual Threat,Oklahoma,8,Other,1.2111456747556313,0.4775561097256858,4.031914893617022,64.0125,59.50314906635023,18.9,248.94,62.59166666666667,62,10.583333333333332,1020.4666666666667,0
2014,Wes Lunt,Big Ten,534652,QB,153,241,0.635,1763,14,3,7.3,16,-80,0,-5,5,Not Dual Threat,Illinois,6,Other,1.2326792481521875,0.40324594257178525,3.0987654320987654,46.09,51.44082591202898,-2.5,153.35,58.225,64.75,12.733333333333334,1017.4,0
2014,Austin Appleby,Big Ten,534770,QB,144,272,0.529,1449,10,11,5.3,61,198,5,3.2,62,Not Dual Threat,Purdue,3,Other,1.1998611703656428,0.38666666666666666,2.9178082191780823,35.04375,37.73032313549133,-4,156.02,57.70833333333333,62.083333333333336,11.158333333333333,1018.7083333333334,0.08333333333333333
2014,Michael Cummings,Big 12,535521,QB,137,244,0.561,1715,9,6,7,67,23,4,0.3,18,Not Dual Threat,Kansas,3,Other,1.2247339609214318,0.3523035230352303,2.5970149253731343,36.75555555555555,40.32688106714702,-6.5,177.14,63,55.333333333333336,9.425,1016.9583333333334,0
2014,Anthony Jennings,SEC,546033,QB,111,227,0.489,1611,11,7,7.1,108,292,0,2.7,36,Not Dual Threat,LSU,8,Other,1.0496719140470123,0.4201030927835051,3.933333333333333,39.15238095238095,44.23896181564063,19,299.29,62.019999999999996,57.4,4.44,1018.78,0.2
2014,Tyrone Swoopes,Big 12,547338,QB,224,384,0.583,2409,13,11,6.3,108,262,4,2.4,28,Not Dual Threat,Texas,6,Other,1.0996820842501562,0.4146634615384616,3.7058823529411766,49.385,45.57515533766669,8.8,239.85,70.90833333333333,51.333333333333336,7.116666666666666,1018.2833333333333,0.08333333333333333
2014,Kenny Hill,SEC,549865,QB,214,321,0.667,2649,23,8,8.3,52,156,0,3,58,Not Dual Threat,Texas A&M,8,Other,1.2302045174429126,0.4776500638569604,3.9545454545454546,59.823076923076925,62.69214035837884,15,278.08,70.66666666666667,51.083333333333336,5.575,1018.75,0.08333333333333333
2014,Nick Marshall,SEC,550021,QB,178,293,0.608,2532,20,7,8.6,153,798,11,5.2,50,Dual Threat,Auburn,8,Pure Runner,1.1615059817235036,0.49443207126948774,4.264367816091954,72.86190476190477,69.81144571801174,21.9,277.12,68.44166666666666,54,4.833333333333333,1017.4090909090909,0
2014,Jake Waters,Big 12,550158,QB,262,397,0.66,3501,22,7,8.8,154,484,9,3.1,53,Dual Threat,Kansas State,9,Dual Threat,1.1584747779315352,0.4873417721518987,4.02020202020202,71.1,64.26145959431194,17.3,178.29,64.25833333333333,49.83333333333333,8.241666666666667,1017.5333333333333,0
2014,Davis Webb,Big 12,550386,QB,211,345,0.612,2539,24,13,7.4,17,16,1,0.9,18,Not Dual Threat,Texas Tech,4,Other,1.403908407165353,0.4410430839002268,3.107142857142857,55.378571428571426,56.31664462902966,2.1,191.82,68.65,48.083333333333336,11.833333333333334,1015.5416666666666,0.08333333333333333
2014,Christian Hackenberg,Big Ten,552329,QB,270,484,0.558,2977,12,15,6.2,93,-94,0,-1,17,Not Dual Threat,Penn State,7,Other,1.1024940937805678,0.38386041439476554,2.4819277108433737,29.963157894736842,36.94065681080725,4.6,221.35,55.418181818181814,65.9090909090909,8.554545454545455,1018.3090909090909,0
2014,Brad Kaaya,ACC,3123048,QB,221,378,0.585,3198,26,12,8.5,27,-131,1,-4.9,5,Not Dual Threat,Miami,6,Pocket Passer,1.340035396697449,0.4467265725288832,3.7317073170731705,57.004999999999995,59.0399700151673,10.8,256.08,71.88333333333334,62,9.766666666666666,1017.35,0
2014,John Wolford,ACC,3124092,QB,214,367,0.583,2037,12,14,5.6,104,-151,0,-1.5,9,Not Dual Threat,Wake Forest,3,Other,1.0881611420312665,0.319672131147541,2.350877192982456,27.873684210526314,24.643645749793283,-10.4,160.4,68.10833333333333,43.25,7.316666666666666,1017.3333333333334,0
2015,Sam B. Richardson,Big 12,511969,QB,128,213,0.601,1443,8,8,6.8,47,12,1,0.3,19,Not Dual Threat,Iowa State,3,Other,1.1380250554001294,0.433252427184466,3.324675324675325,34.95384615384616,42.14807660149321,0.6,166.5,59.7,63.083333333333336,9.15,1020.35,0
2015,Jacoby Brissett,ACC,512191,QB,237,395,0.6,2662,20,6,6.7,139,370,6,2.7,31,Dual Threat,NC State,7,Other,1.3185319868156995,0.4262295081967213,4.056818181818182,56.47777777777778,52.55823752722882,8.8,208.69,67.275,63.83333333333333,6.833333333333333,1017.4166666666667,0
2015,Connor Cook,Big Ten,512705,QB,229,408,0.561,3131,24,7,7.7,52,56,0,1.1,22,Not Dual Threat,Michigan State,12,Other,1.2457034312712203,0.4306418219461698,3.7755102040816326,71.51052631578948,61.593635395166594,16.6,221.77,52.93846153846154,64.23076923076923,9.061538461538461,1021.0692307692308,0.07692307692307693
2015,Jake Coker,SEC,514124,QB,263,393,0.669,3110,21,8,7.9,74,68,2,0.9,26,Not Dual Threat,Alabama,14,Other,1.1628072079466778,0.4568273092369478,3.5576923076923075,52.88636363636363,61.923831222530765,27.4,311.1,72.5,55.92307692307692,8.353846153846154,1018.3461538461538,0.07692307692307693
2015,Joel Stave,Big Ten,514230,QB,225,370,0.608,2687,11,11,7.3,33,-123,1,-3.7,11,Not Dual Threat,Wisconsin,10,Other,1.0783920236481637,0.4400921658986175,3.8333333333333335,55.03157894736842,51.03421060791888,13.9,189.85,57.075,56.25,12.65,1019.7166666666667,0.08333333333333333
2015,Michael Brewer,ACC,514481,QB,126,216,0.583,1703,13,7,7.9,37,-80,1,-2.2,16,Not Dual Threat,Virginia Tech,7,Other,1.1520065612956816,0.4307692307692308,3.586206896551724,59.590909090909086,52.06871328839969,9.5,212.07,63.74166666666667,67.75,6.425,1017.9727272727273,0
2015,Brandon Allen,SEC,515915,QB,244,370,0.659,3440,30,8,9.3,56,107,1,1.9,22,Not Dual Threat,Arkansas,8,Pocket Passer,1.2359253132601695,0.516548463356974,4.435294117647059,69.85789473684211,72.3150108666133,17.4,222.51,63.56363636363636,70.0909090909091,6.518181818181818,1016.45,0.09090909090909091
2015,Trevone Boykin,Big 12,517127,QB,257,396,0.649,3575,31,10,9,123,612,9,5,69,Dual Threat,TCU,11,Dual Threat,1.2160384275958238,0.4850976361767729,3.883495145631068,75.7,73.2041587071291,20.5,191.44,66.55,50.916666666666664,9.641666666666667,1019.3583333333333,0
2015,Joe Hubener,Big 12,517248,QB,131,275,0.476,1837,9,10,6.7,180,613,13,3.4,34,Not Dual Threat,Kansas State,6,Pure Runner,1.0870662431818745,0.43719806763285024,4.337662337662338,47.50526315789474,44.54057832866562,5.2,175.02,63.11666666666667,56.5,10.55,1019.675,0.08333333333333333
2015,Jake Rudock,Big Ten,518380,QB,249,389,0.64,3017,20,9,7.8,58,166,4,2.9,23,Not Dual Threat,Michigan,10,Other,1.178716016940342,0.46776232616940583,3.9302325581395343,63.60588235294117,67.55144652710791,17.2,194.82,56.85,57.5,11.325,1017.709090909091,0
2015,Thomas Sirk,ACC,530478,QB,251,427,0.588,2625,16,8,6.1,163,803,8,4.9,73,Not Dual Threat,Duke,8,Pure Runner,1.1050746547846326,0.4224765868886576,3.2967032967032965,56.5875,54.41290080555343,5.1,175.77,65.79166666666667,66.5,6.433333333333334,1018.2416666666667,0
2015,Greyson Lambert,SEC,530521,QB,162,256,0.633,1959,12,2,7.7,29,-39,1,-1.3,13,Not Dual Threat,Georgia,10,Other,1.1433267146161072,0.4420485175202156,3.207792207792208,54.3125,57.04785925228235,15.9,282.54,68.34166666666667,61.916666666666664,6.033333333333333,1017.9166666666667,0
2015,Mitch Leidner,Big Ten,530731,QB,242,407,0.595,2701,14,11,6.6,107,270,6,2.5,33,Not Dual Threat,Minnesota,6,Other,1.143728202374762,0.4109916367980884,3.295774647887324,47.95789473684211,50.350095795421176,3.4,167.01,56,55.416666666666664,8.741666666666667,1021.0272727272727,0
2015,Patrick Towles,SEC,530944,QB,183,326,0.561,2148,9,14,6.6,71,64,5,0.9,33,Not Dual Threat,Kentucky,5,Other,1.3266210084689685,0.39367088607594936,3.2580645161290325,36.61666666666667,38.93248335125193,2.1,193.19,65.48333333333333,67.66666666666667,9.233333333333334,1017.3666666666667,0
2015,Tommy Armstrong Jr.,Big Ten,533270,QB,222,402,0.552,3030,22,16,7.5,98,400,7,4.1,32,Dual Threat,Nebraska,6,Pure Runner,1.2549870873224167,0.44538706256627786,3.8585858585858586,59.916666666666664,57.473176157358054,9.4,211.72,60.608333333333334,54.416666666666664,10.558333333333334,1020.3583333333333,0
2015,Chad Kelly,SEC,534580,QB,298,458,0.651,4042,31,13,8.8,107,500,10,4.7,43,Dual Threat,Ole Miss,10,Dual Threat,1.1973315225336234,0.5017381228273464,4.191489361702128,72.29473684210527,74.53855258818011,23.6,245.71,66.625,67.16666666666667,4.708333333333333,1017.0600000000001,0
2015,Wes Lunt,Big Ten,534652,QB,270,481,0.561,2761,14,6,5.7,24,-153,1,-6.4,14,Not Dual Threat,Illinois,5,Other,1.1765996729518506,0.38738738738738737,3.0779220779220777,42.252631578947366,46.13707287912122,3.1,181.74,58.458333333333336,57.416666666666664,11.608333333333334,1021.6583333333333,0
2015,Austin Appleby,Big Ten,534770,QB,119,207,0.575,1260,8,8,6.1,56,92,4,1.6,14,Not Dual Threat,Purdue,2,Other,1.133409045558321,0.40373395565927656,3.734375,46.4,42.24471738119719,-4.3,162.85,54.90833333333333,58.583333333333336,11.133333333333333,1022.5333333333333,0
2015,Seth Russell,Big 12,535511,QB,119,200,0.595,2104,29,6,10.5,49,402,6,8.2,46,Dual Threat,Baylor,10,Pure Runner,1.2927473223986536,0.510482180293501,4.530434782608696,91.78,87.70624209950854,21.8,195.88,65.76666666666667,54.5,7.5249999999999995,1020.05,0.08333333333333333
2015,Nate Sudfeld,Big Ten,535825,QB,247,412,0.6,3573,27,7,8.7,46,61,5,1.3,21,Dual Threat,Indiana,6,Pocket Passer,1.1989327250939168,0.4567669172932331,3.709090909090909,66.87647058823529,66.6426128902146,1.7,175.35,59.5,59.25,10.133333333333333,1020.6833333333334,0
2015,C.J. Beathard,Big Ten,535844,QB,223,362,0.616,2809,17,5,7.8,100,237,6,2.4,57,Not Dual Threat,Iowa,12,Other,1.2219714297956878,0.4379977246871445,3.7934782608695654,62.53636363636364,60.035164931322996,11.8,169.99,53.3,61.61538461538461,9.823076923076924,1023.7307692307693,0.07692307692307693
2015,Johnny McCrary,SEC,546184,QB,146,267,0.547,1533,6,12,5.7,70,186,2,2.7,29,Not Dual Threat,Vanderbilt,4,Other,1.092785682164544,0.3718104495747266,2.25,30.553333333333335,33.9670321450233,1.5,181.37,70.05,57.33333333333333,7.225,1017.209090909091,0
2015,Joshua Dobbs,SEC,546540,QB,205,344,0.596,2291,15,5,6.7,146,671,11,4.6,62,Not Dual Threat,Tennessee,9,Pure Runner,1.1936025048711687,0.4475446428571429,3.676767676767677,62.135,60.04056062597889,20.5,286.26,66.775,61.083333333333336,8.65,1017.1166666666667,0
2015,Chris Laviano,Big Ten,547549,QB,187,307,0.609,2247,16,12,7.3,65,-38,0,-0.6,14,Not Dual Threat,Rutgers,4,Other,1.1403312295587111,0.44382801664355065,3.3866666666666667,44.15555555555556,45.33121359386173,-4.9,172.19,59.00833333333333,57.83333333333333,8.291666666666666,1019.5833333333334,0
2015,Perry Orth,SEC,548144,QB,143,261,0.548,1929,12,9,7.4,53,138,2,2.6,66,Not Dual Threat,South Carolina,3,Other,1.3073421488577277,0.3979460847240051,3.40625,41.28095238095238,45.53377927627669,4.3,230.49,69.5909090909091,54.27272727272727,6.1454545454545455,1017.7454545454545,0
2015,Baker Mayfield,Big 12,550373,QB,269,395,0.681,3700,36,7,9.4,141,405,7,2.9,39,Dual Threat,Oklahoma,11,Dual Threat,1.2757289136664756,0.46794150731158607,4.194444444444445,70.62,73.70167631760128,26.2,249.69,59.21666666666667,65.66666666666667,7.391666666666667,1020.9583333333334,0
2015,Christian Hackenberg,Big Ten,552329,QB,192,359,0.535,2525,16,6,7,66,-80,2,-1.2,22,Not Dual Threat,Penn State,7,Other,1.2781721480981068,0.3784119106699752,3.1235955056179776,46.76470588235294,46.865356835628454,6.9,250,55.575,62.333333333333336,7.125,1022.1833333333333,0
2015,Kyle Allen,SEC,559681,QB,160,283,0.565,2210,17,7,7.8,65,102,2,1.6,22,Not Dual Threat,Texas A&M,8,Other,1.1580894836532916,0.4406779661016949,3.0208333333333335,51.875,55.08496231986254,14.6,270.61,74.08181818181818,54.81818181818182,8.272727272727273,1016.45,0.18181818181818182
2015,Brandon Harris,SEC,559751,QB,149,277,0.538,2165,13,6,7.8,67,226,4,3.4,33,Not Dual Threat,LSU,9,Other,1.2922717988160597,0.46025641025641023,3.8533333333333335,53.80555555555556,58.96983163019148,20.6,284.37,58.225,70.25,9.225,1023,0.25
2015,Mason Rudolph,Big 12,3116407,QB,264,424,0.623,3770,21,9,8.9,67,-35,1,-0.5,40,Not Dual Threat,Oklahoma State,10,Pocket Passer,1.371639775563695,0.4473386183465458,3.9375,64.36842105263158,57.163881429511164,14.2,191.28,63.81666666666667,52.5,7.241666666666666,1018.8083333333334,0
2015,Skyler Howard,Big 12,3116460,QB,221,403,0.548,3145,26,14,7.8,157,502,6,3.2,50,Dual Threat,West Virginia,8,Pure Runner,1.1437445052986484,0.4635761589403974,3.4285714285714284,49.810526315789474,52.26094200661716,14.4,198.02,61.31666666666666,50.666666666666664,8.85,1021.05,0
2015,Treon Harris,SEC,3121647,QB,119,235,0.506,1676,9,6,7.1,96,238,0,2.5,25,Not Dual Threat,Florida,10,Other,1.2525093519485246,0.3927315357561548,3.073170731707317,42.16,43.387325091285064,13.2,227.46,72.05833333333334,64.83333333333333,6.458333333333333,1017.4833333333333,0
2015,Deshaun Watson,ACC,3122840,QB,333,491,0.678,4104,35,13,8.4,207,1105,12,5.3,63,Dual Threat,Clemson,14,Dual Threat,1.1416834552364137,0.4977698483496878,4.371681415929204,78.595,78.01269124961871,22.3,277.98,66.40769230769232,61.92307692307692,6.3999999999999995,1018.9846153846154,0.07692307692307693
2015,Brad Kaaya,ACC,3123048,QB,239,390,0.613,3242,16,5,8.3,30,-119,2,-4,9,Not Dual Threat,Miami,8,Pocket Passer,1.22408620767641,0.4221105527638191,3.6511627906976742,60.66111111111111,58.14695507150986,6.4,215.49,76.33333333333333,60.583333333333336,8.641666666666666,1017.575,0
2015,John Wolford,ACC,3124092,QB,142,233,0.609,1791,9,11,7.7,73,67,3,0.9,70,Not Dual Threat,Wake Forest,3,Other,1.2673988258235118,0.3548795944233207,2.7272727272727275,33.517647058823535,40.32161959528073,-3.4,176.85,63.475,58.333333333333336,7.516666666666667,1018.125,0.08333333333333333
2015,Patrick Mahomes,Big 12,3139477,QB,364,573,0.635,4653,36,15,8.1,131,456,10,3.5,25,Dual Threat,Texas Tech,7,Dual Threat,1.2978056908419875,0.493,4.018867924528302,74.325,68.40897726683252,8.8,203.18,69.8,50.666666666666664,10.275,1017.7333333333333,0.08333333333333333
2015,Lamar Jackson,ACC,3916387,QB,135,247,0.547,1840,12,8,7.4,163,960,11,5.9,73,Not Dual Threat,Louisville,8,Pure Runner,1.3052308390086529,0.42970521541950113,3.3125,58.10625,59.55901102525158,10.3,201.4,65.81666666666666,55.5,9.133333333333333,1018.8166666666666,0
2016,Mitch Leidner,Big Ten,530731,QB,173,307,0.564,2169,8,12,7.1,111,366,10,3.3,32,Not Dual Threat,Minnesota,9,Other,1.0471464642353432,0.435665914221219,3.966666666666667,49.18571428571428,52.405655727872045,7.2,182.22,56.55,60.333333333333336,9.525,1022.0416666666666,0
2016,Patrick Towles,ACC,530944,QB,138,273,0.505,1730,12,7,6.3,115,294,4,2.6,75,Not Dual Threat,Boston College,7,Other,1.1546254246095642,0.3507362784471218,2.6493506493506493,38.96875,36.702459003995415,-1.1,146.69,62.041666666666664,62.833333333333336,7.841666666666667,1016.975,0
2016,Tommy Armstrong Jr.,Big Ten,533270,QB,151,294,0.514,2180,14,8,7.4,113,512,8,4.5,37,Not Dual Threat,Nebraska,9,Pure Runner,1.1865827261629764,0.4340909090909091,3.7375,56.5625,58.14586280330317,7,216.76,60.375,62.583333333333336,7.6,1021.4916666666667,0
2016,Trevor Knight,SEC,534449,QB,193,362,0.533,2432,19,7,6.7,102,614,10,6,62,Dual Threat,Texas A&M,8,Pure Runner,1.3223909150940685,0.4337899543378995,3.150537634408602,59.128571428571426,59.749099287692324,15.5,238.94,76.21666666666667,54.333333333333336,7.5,1020.3083333333334,0.08333333333333333
2016,Trevor Knight,SEC,534449,QB,193,362,0.533,2432,19,7,6.7,9,-9,0,-1,8,Not Dual Threat,Texas A&M,8,Other,1.3223909150940685,0.4337899543378995,3.150537634408602,59.128571428571426,55.05342663735907,15.5,238.94,76.21666666666667,54.333333333333336,7.5,1020.3083333333334,0.08333333333333333
2016,Chad Kelly,SEC,534580,QB,205,328,0.625,2758,19,8,8.4,81,332,5,4.1,41,Dual Threat,Ole Miss,5,Other,1.1891759871142151,0.45681818181818185,3.645161290322581,67.56666666666666,61.562512086333314,11.1,281.69,71.5909090909091,56.18181818181818,5.881818181818182,1020.475,0
2016,Wes Lunt,Big Ten,534652,QB,127,232,0.547,1376,8,3,5.9,20,-65,0,-3.3,14,Not Dual Threat,Illinois,3,Other,1.2205989345899315,0.3789808917197453,2.8833333333333333,37.31818181818182,39.169531364414716,-6,153.64,61.391666666666666,54.5,11.341666666666667,1022.35,0
2016,Austin Appleby,SEC,534770,QB,127,209,0.608,1447,10,7,6.9,41,-45,0,-1.1,33,Not Dual Threat,Florida,9,Other,1.100834039996154,0.4206642066420664,2.814814814814815,32.02727272727273,43.28564709915774,13.8,260.96,73.66363636363637,59.72727272727273,5.663636363636364,1019.6818181818181,0
2016,Seth Russell,Big 12,535511,QB,152,278,0.547,2126,20,8,7.6,94,506,8,5.4,50,Dual Threat,Baylor,7,Pure Runner,1.1854876406502934,0.47706422018348627,3.8144329896907214,61.35384615384616,60.37824004158821,8.9,191.99,70.675,61.083333333333336,8.95,1021.1333333333333,0.08333333333333333
2016,Tyler O'Connor,Big Ten,535578,QB,154,262,0.588,1970,16,9,7.5,63,70,0,1.1,16,Not Dual Threat,Michigan State,3,Other,1.1690614489319733,0.42065491183879095,3.0675675675675675,52.042857142857144,50.97335584882218,3.9,239.13,57.65,63.25,11.225,1019.575,0
2016,C.J. Beathard,Big Ten,535844,QB,170,301,0.565,1929,17,10,6.4,83,-13,2,-0.2,15,Not Dual Threat,Iowa,8,Other,1.0856142682180911,0.4220183486238532,3.25,46.94375,44.63991624258484,10.7,181.39,57.06666666666667,63.416666666666664,9.966666666666667,1021.725,0
2016,Luke Del Rio,SEC,546362,QB,114,201,0.567,1358,8,8,6.8,16,-43,0,-2.7,11,Not Dual Threat,Florida,9,Other,1.100834039996154,0.4206642066420664,2.814814814814815,46.35,44.52298676017952,13.8,260.96,73.66363636363637,59.72727272727273,5.663636363636364,1019.6818181818181,0
2016,Joshua Dobbs,SEC,546540,QB,225,357,0.63,2946,27,12,8.3,150,831,12,5.5,70,Dual Threat,Tennessee,9,Pure Runner,1.2265870785702797,0.46697566628041715,3.369565217391304,60.6875,68.23830729957896,15.5,253.94,72.59166666666667,49.333333333333336,4.341666666666667,1020.8090909090909,0
2016,Richard Lagow,Big Ten,546687,QB,253,438,0.578,3362,19,17,7.7,41,-188,2,-4.6,9,Not Dual Threat,Indiana,6,Pocket Passer,1.2428089593918907,0.413,2.717171717171717,52.5375,46.65337208317196,0.9,172.23,63.59166666666667,59.833333333333336,9.991666666666667,1019.725,0
2016,Austin Allen,SEC,547206,QB,245,401,0.611,3430,25,15,8.6,65,-126,2,-1.9,18,Not Dual Threat,Arkansas,7,Pocket Passer,1.293847946859365,0.43859649122807015,3.5930232558139537,58.45555555555555,51.50817286290368,6.3,219.34,68.95833333333333,50.333333333333336,6.241666666666667,1020.775,0.08333333333333333
2016,Kenny Hill,Big 12,549865,QB,269,440,0.611,3208,17,13,7.3,125,609,10,4.9,45,Not Dual Threat,TCU,6,Dual Threat,1.1506560538581074,0.4588744588744589,3.3010752688172045,55.91,61.40612171357935,9.6,235.79,70.825,56,7.883333333333334,1020.175,0
2016,Danny Etling,SEC,550170,QB,160,269,0.595,2123,11,5,7.9,41,46,1,1.1,18,Not Dual Threat,LSU,8,Other,1.2738602088311082,0.4478021978021978,3.5211267605633805,64.38666666666667,58.11575793748691,22.9,295.03,72.5,52.75,3.775,1021.175,0
2016,Baker Mayfield,Big 12,550373,QB,254,358,0.709,3965,40,8,11.1,78,177,6,2.3,16,Dual Threat,Oklahoma,11,Pocket Passer,1.3288956950919926,0.515695067264574,4.824175824175824,82.405,86.07671023773213,22.5,238.73,67.18333333333334,61.25,8.358333333333334,1019.2083333333333,0.08333333333333333
2016,Jesse Ertz,Big 12,550448,QB,152,264,0.576,1755,9,4,6.6,183,1012,12,5.5,54,Not Dual Threat,Kansas State,9,Pure Runner,1.1070586053708726,0.4871794871794872,3.942528735632184,69.6842105263158,58.351069263294214,12.1,155.49,66.2,60,9.633333333333333,1019.275,0
2016,Jerod Evans,ACC,556465,QB,268,422,0.635,3552,29,8,8.4,204,846,12,4.1,55,Dual Threat,Virginia Tech,10,Dual Threat,1.0746206538282317,0.4573804573804574,3.5677966101694913,68.99,67.9695989909721,13.7,190.06,63.14615384615385,57,11.292307692307693,1019.9916666666667,0.07692307692307693
2016,Stephen Johnson,SEC,557882,QB,145,265,0.547,2037,13,6,7.7,97,327,3,3.4,75,Not Dual Threat,Kentucky,7,Other,1.2657883949097886,0.4294403892944038,3.675675675675676,50.721428571428575,48.060480939054735,2.3,204.07,66.46666666666667,50.583333333333336,8.558333333333334,1021.0916666666667,0
2016,Jacob Park,Big 12,559568,QB,133,226,0.588,1791,12,5,7.9,36,59,1,1.6,35,Not Dual Threat,Iowa State,3,Other,1.1743659503266135,0.4385026737967914,3.756410256410256,48.870588235294115,52.84316876982645,1.1,170.58,66.1,59.916666666666664,7.783333333333333,1020.5083333333333,0
2016,Mason Rudolph,Big 12,3116407,QB,284,448,0.634,4091,28,4,9.1,83,61,6,0.7,25,Dual Threat,Oklahoma State,10,Pocket Passer,1.2629805627511703,0.47854785478547857,4.12037037037037,70.235,67.94326144662212,17.1,184.33,70.05833333333334,51.666666666666664,7.808333333333334,1021.5916666666667,0
2016,Skyler Howard,Big 12,3116460,QB,247,404,0.611,3328,26,10,8.2,142,463,10,3.3,38,Dual Threat,West Virginia,10,Dual Threat,1.2302843838285933,0.4509169363538296,3.49,64.22105263157894,61.750316527925165,13.5,194.45,63.5,58.083333333333336,8.941666666666666,1018.9583333333333,0
2016,Sean White,SEC,3121585,QB,133,208,0.639,1679,9,3,8.1,55,163,2,3,41,Not Dual Threat,Auburn,8,Other,1.0825044192511744,0.4609929078014184,3.820224719101123,64.19333333333333,59.451467731466344,19.3,275.14,74.70833333333333,49.333333333333336,6.075,1019.790909090909,0
2016,Deshaun Watson,ACC,3122840,QB,387,578,0.67,4593,41,17,7.9,165,629,9,3.8,33,Dual Threat,Clemson,14,Dual Threat,1.0971962130031263,0.4995331465919701,3.984251968503937,74.60526315789474,74.78994848565314,27.6,271.16,70.6076923076923,51.15384615384615,3.7384615384615385,1020.9538461538461,0
2016,Brad Kaaya,ACC,3123048,QB,261,421,0.62,3532,27,7,8.4,37,-136,1,-3.7,12,Not Dual Threat,Miami,9,Pocket Passer,1.282099997137398,0.4287410926365795,3.680412371134021,56.73125,63.11366631373648,17.2,231.78,75.24166666666667,60.333333333333336,8.558333333333334,1017.1083333333333,0
2016,John Wolford,ACC,3124092,QB,166,299,0.555,1774,9,10,5.9,130,521,6,4,64,Not Dual Threat,Wake Forest,7,Pure Runner,1.149997956491984,0.3685968819599109,3.0684931506849313,49.57333333333333,40.49208195415887,2.2,169.4,70.825,54.5,8.258333333333333,1018.7833333333333,0
2016,Patrick Mahomes,Big 12,3139477,QB,388,591,0.657,5052,41,10,8.5,131,285,12,2.2,32,Dual Threat,Texas Tech,5,Pocket Passer,1.3424407793487263,0.48394004282655245,4.728260869565218,73.6,70.52756881420855,4.7,184.64,70.31666666666666,50.5,9.5,1019.6333333333333,0.08333333333333333
2016,Lamar Jackson,ACC,3916387,QB,230,409,0.562,3543,30,9,8.7,260,1571,21,6,72,Dual Threat,Louisville,9,Dual Threat,1.3144171815759085,0.49548387096774194,4.355769230769231,76.9235294117647,81.87996350680135,21.6,196.02,64.95,56.25,5.683333333333334,1020.175,0.08333333333333333
2017,Nic Shimonek,Big 12,545364,QB,328,493,0.665,3963,33,10,8,59,-66,1,-1.1,16,Not Dual Threat,Texas Tech,6,Pocket Passer,1.20741339126996,0.4450261780104712,3.37,65.41428571428571,60.88250287666142,5.6,183.07,68.09166666666667,56.083333333333336,10.958333333333334,1014.9,0.08333333333333333
2017,Tanner Lee,Big Ten,545757,QB,246,428,0.575,3143,23,16,7.3,30,-97,2,-3.2,6,Not Dual Threat,Nebraska,4,Other,1.2628873446201516,0.4,3.5652173913043477,52.42307692307693,50.10498492728751,-2.1,224.33,61.358333333333334,62.166666666666664,10.066666666666666,1012.125,0
2017,Richard Lagow,Big Ten,546687,QB,172,295,0.583,1936,15,8,6.6,37,-50,0,-1.4,14,Not Dual Threat,Indiana,5,Other,1.1531512098281935,0.3895216400911162,3.3013698630136985,49.2,46.68879160018678,3.7,167.99,66.59166666666667,53.416666666666664,12,1016.475,0
2017,Kenny Hill,Big 12,549865,QB,269,400,0.673,3152,23,8,7.9,100,325,5,3.3,27,Dual Threat,TCU,11,Other,1.159316496067137,0.4636871508379888,3.637254901960784,68.82307692307693,63.985471033214004,16.8,210.03,74.93076923076923,49.92307692307692,12.323076923076924,1013.9384615384615,0.07692307692307693
2017,Danny Etling,SEC,550170,QB,165,275,0.6,2463,16,2,9,72,128,2,1.8,19,Not Dual Threat,LSU,9,Other,1.0966600995006948,0.46609124537607893,3.411111111111111,69.05833333333334,64.07779984777547,13.9,287.66,78.81666666666666,68,5.95,1012.5799999999999,0.16666666666666666
2017,Baker Mayfield,Big 12,550373,QB,285,404,0.705,4627,43,6,11.5,97,311,5,3.2,54,Dual Threat,Oklahoma,12,Pocket Passer,1.369998428030971,0.5336322869955157,4.564814814814815,88.93571428571428,87.0523445876258,22.3,270.79,70.85384615384615,48.92307692307692,9.215384615384615,1015.5307692307692,0.07692307692307693
2017,Stephen Johnson,SEC,557882,QB,189,316,0.598,2305,10,6,7.3,103,375,5,3.6,54,Not Dual Threat,Kentucky,7,Other,1.235575164651442,0.43599493029150826,3.5068493150684934,56.225,50.24369758870403,1.4,207.73,70.4,55.666666666666664,7.391666666666667,1017.7,0
2017,Mason Rudolph,Big 12,3116407,QB,318,489,0.65,4904,37,9,10,61,35,10,0.6,19,Dual Threat,Oklahoma State,10,Pocket Passer,1.4419825374271054,0.470917225950783,4.252252252252252,80.4,76.70211715124859,17,194.18,70.54166666666667,55.583333333333336,10.458333333333334,1015.725,0
2017,John Wolford,ACC,3124092,QB,239,374,0.639,3192,29,6,8.5,140,683,10,4.9,33,Dual Threat,Wake Forest,8,Dual Threat,1.194581491456587,0.4465691788526434,3.928571428571429,72.5090909090909,73.05447684536341,8.9,161.99,64.95,61.083333333333336,7.983333333333333,1018.2,0.08333333333333333
2017,Lamar Jackson,ACC,3916387,QB,254,430,0.591,3660,27,10,8.5,232,1601,18,6.9,75,Dual Threat,Louisville,8,Dual Threat,1.307453491226679,0.501187648456057,4.0495049504950495,76.32,80.91962203462872,13,205.15,70.475,54.75,9.125,1017.7666666666667,0.08333333333333333
